dataset_id,page_idx,token_idx,gt_token,pred_token,outcome
1,0,0,H,H,correct
1,0,1,I,I,correct
1,1,0,H,H,correct
1,1,1,I,I,correct
1,1,2,G,G,correct
1,1,3,H,H,correct
1,2,0,R,R,correct
1,2,1,P,P,correct
1,2,2,H,H,correct
1,2,3,N,N,correct
1,3,0,E,E,correct
1,3,1,J,J,correct
1,3,2,N,N,correct
1,3,3,O,O,correct
1,4,0,L,L,correct
1,4,1,I,I,correct
1,4,2,G,G,correct
1,4,3,A,A,correct
1,4,4,A,A,correct
1,4,5,I,I,correct
1,4,6,Q,Q,correct
1,4,7,U,U,correct
1,4,8,?,?,correct
1,5,0,E,E,correct
1,5,1,H,H,correct
1,6,0,G,G,correct
1,6,1,I,I,correct
1,6,2,N,N,correct
1,6,3,O,O,correct
1,7,0,G,E,substitution
1,7,1,H,I,substitution
1,7,2,M,P,substitution
1,8,0,E,E,correct
1,8,1,K,K,correct
1,8,2,O,O,correct
1,9,0,E,E,correct
1,9,1,I,I,correct
1,9,2,O,O,correct
1,9,3,P,P,correct
1,9,4,R,R,correct
1,9,5,V,V,correct
1,10,0,H,H,correct
1,10,1,E,E,correct
1,10,2,L,L,correct
1,10,3,J,J,correct
1,10,4,J,J,correct
1,10,5,O,O,correct
1,11,0,J,J,correct
1,11,1,I,I,correct
1,11,2,F,F,correct
1,11,3,M,M,correct
2,0,0,H,H,correct
2,0,1,E,E,correct
2,1,0,E,E,correct
2,1,1,D,D,correct
2,1,2,C,C,correct
2,1,3,G,G,correct
2,2,0,N,N,correct
2,2,1,L,L,correct
2,2,2,D,D,correct
2,2,3,J,J,correct
2,3,0,B,B,correct
2,3,1,F,F,correct
2,3,2,J,J,correct
2,3,3,K,K,correct
2,4,0,S,S,correct
2,4,1,E,E,correct
2,4,2,O,O,correct
2,4,3,A,A,correct
2,4,4,I,I,correct
2,4,5,E,E,correct
2,4,6,L,L,correct
2,4,7,A,A,correct
2,4,8,A,A,correct
2,5,0,A,A,correct
2,5,1,D,D,correct
2,6,0,B,B,correct
2,6,1,E,E,correct
2,6,2,J,S,substitution
2,6,3,N,N,correct
2,7,0,A,A,correct
2,7,1,E,E,correct
2,7,2,N,N,correct
2,8,0,A,A,correct
2,8,1,G,G,correct
2,8,2,O,O,correct
2,9,0,A,A,correct
2,9,1,E,E,correct
2,9,2,H,H,correct
2,9,3,K,K,correct
2,9,4,N,N,correct
2,9,5,R,R,correct
2,10,0,H,H,correct
2,10,1,A,A,correct
2,10,2,?,?,correct
2,10,3,?,?,correct
2,10,4,?,?,correct
2,10,5,?,?,correct
2,11,0,?,?,correct
2,11,1,?,?,correct
2,11,2,?,?,correct
2,11,3,?,?,correct
3,0,0,H,H,correct
3,0,1,I,I,correct
3,1,0,E,E,correct
3,1,1,D,D,correct
3,1,2,C,C,correct
3,1,3,G,G,correct
3,2,0,D,D,correct
3,2,1,J,J,correct
3,2,2,A,A,correct
3,2,3,A,A,correct
3,3,0,B,B,correct
3,3,1,F,F,correct
3,3,2,H,H,correct
3,3,3,K,K,correct
3,4,0,A,A,correct
3,4,1,E,E,correct
3,4,2,L,L,correct
3,4,3,Q,Q,correct
3,4,4,E,E,correct
3,4,5,E,E,correct
3,4,6,R,R,correct
3,4,7,P,P,correct
3,4,8,Q,Q,correct
3,5,0,B,B,correct
3,5,1,H,H,correct
3,6,0,C,C,correct
3,6,1,F,F,correct
3,6,2,J,J,correct
3,6,3,K,K,correct
3,7,0,A,A,correct
3,7,1,E,E,correct
3,7,2,J,J,correct
3,8,0,A,A,correct
3,8,1,G,G,correct
3,8,2,L,L,correct
3,9,0,A,A,correct
3,9,1,E,E,correct
3,9,2,K,K,correct
3,9,3,L,L,correct
3,9,4,N,N,correct
3,9,5,Q,Q,correct
3,10,0,D,D,correct
3,10,1,D,D,correct
3,10,2,H,H,correct
3,10,3,H,H,correct
3,10,4,H,H,correct
3,10,5,K,K,correct
3,11,0,D,D,correct
3,11,1,I,I,correct
3,11,2,I,I,correct
3,11,3,I,I,correct
4,0,0,H,H,correct
4,0,1,I,I,correct
4,1,0,G,G,correct
4,1,1,F,F,correct
4,1,2,E,E,correct
4,1,3,I,I,correct
4,2,0,P,P,correct
4,2,1,N,N,correct
4,2,2,F,F,correct
4,2,3,L,L,correct
4,3,0,D,D,correct
4,3,1,H,H,correct
4,3,2,J,J,correct
4,3,3,M,M,correct
4,4,0,D,D,correct
4,4,1,G,G,correct
4,4,2,C,C,correct
4,4,3,C,C,correct
4,4,4,K,K,correct
4,4,5,G,G,correct
4,4,6,O,O,correct
4,4,7,S,S,correct
4,4,8,C,?,substitution
4,5,0,D,A,substitution
4,5,1,F,F,correct
4,6,0,E,E,correct
4,6,1,G,G,correct
4,6,2,L,L,correct
4,6,3,M,M,correct
4,7,0,E,E,correct
4,7,1,F,F,correct
4,7,2,K,K,correct
4,8,0,C,C,correct
4,8,1,I,I,correct
4,8,2,N,N,correct
4,9,0,C,C,correct
4,9,1,G,G,correct
4,9,2,J,J,correct
4,9,3,M,M,correct
4,9,4,P,P,correct
4,9,5,S,S,correct
4,10,0,G,G,correct
4,10,1,C,C,correct
4,10,2,E,E,correct
4,10,3,H,H,correct
4,10,4,H,H,correct
4,10,5,M,M,correct
4,11,0,H,H,correct
4,11,1,G,G,correct
4,11,2,D,D,correct
4,11,3,K,K,correct
5,0,0,H,H,correct
5,0,1,E,E,correct
5,1,0,E,E,correct
5,1,1,D,D,correct
5,1,2,C,C,correct
5,1,3,G,G,correct
5,2,0,N,N,correct
5,2,1,L,L,correct
5,2,2,D,D,correct
5,2,3,J,J,correct
5,3,0,A,A,correct
5,3,1,F,F,correct
5,3,2,J,J,correct
5,3,3,L,L,correct
5,4,0,E,E,correct
5,4,1,F,F,correct
5,4,2,L,L,correct
5,4,3,O,O,correct
5,4,4,S,S,correct
5,4,5,I,I,correct
5,4,6,C,C,correct
5,4,7,B,B,correct
5,4,8,A,A,correct
5,5,0,C,C,correct
5,5,1,D,D,correct
5,6,0,C,C,correct
5,6,1,D,D,correct
5,6,2,I,I,correct
5,6,3,K,K,correct
5,7,0,A,A,correct
5,7,1,E,E,correct
5,7,2,L,L,correct
5,8,0,A,A,correct
5,8,1,G,G,correct
5,8,2,L,L,correct
5,9,0,A,A,correct
5,9,1,E,E,correct
5,9,2,H,H,correct
5,9,3,K,K,correct
5,9,4,N,N,correct
5,9,5,Q,Q,correct
5,10,0,E,E,correct
5,10,1,B,B,correct
5,10,2,H,H,correct
5,10,3,H,H,correct
5,10,4,K,K,correct
5,10,5,K,K,correct
5,11,0,F,F,correct
5,11,1,E,E,correct
5,11,2,C,C,correct
5,11,3,I,I,correct
6,0,0,H,H,correct
6,0,1,I,I,correct
6,1,0,E,E,correct
6,1,1,D,D,correct
6,1,2,C,C,correct
6,1,3,G,G,correct
6,2,0,D,D,correct
6,2,1,J,J,correct
6,2,2,A,A,correct
6,2,3,A,A,correct
6,3,0,B,B,correct
6,3,1,F,F,correct
6,3,2,H,H,correct
6,3,3,K,K,correct
6,4,0,I,I,correct
6,4,1,E,E,correct
6,4,2,L,L,correct
6,4,3,Q,Q,correct
6,4,4,I,I,correct
6,4,5,E,E,correct
6,4,6,M,M,correct
6,4,7,Q,Q,correct
6,4,8,A,A,correct
6,5,0,H,H,correct
6,5,1,D,D,correct
6,6,0,C,C,correct
6,6,1,F,F,correct
6,6,2,J,J,correct
6,6,3,K,K,correct
6,7,0,A,A,correct
6,7,1,E,E,correct
6,7,2,N,N,correct
6,8,0,A,A,correct
6,8,1,G,G,correct
6,8,2,K,K,correct
6,9,0,A,A,correct
6,9,1,E,E,correct
6,9,2,H,H,correct
6,9,3,L,L,correct
6,9,4,N,N,correct
6,9,5,Q,Q,correct
6,10,0,E,E,correct
6,10,1,A,A,correct
6,10,2,C,C,correct
6,10,3,H,H,correct
6,10,4,H,H,correct
6,10,5,K,K,correct
6,11,0,F,F,correct
6,11,1,E,E,correct
6,11,2,B,B,correct
6,11,3,I,I,correct
7,0,0,H,H,correct
7,0,1,I,I,correct
7,1,0,G,G,correct
7,1,1,F,F,correct
7,1,2,E,E,correct
7,1,3,L,L,correct
7,2,0,P,P,correct
7,2,1,N,N,correct
7,2,2,F,F,correct
7,2,3,L,L,correct
7,3,0,D,D,correct
7,3,1,H,H,correct
7,3,2,J,J,correct
7,3,3,M,M,correct
7,4,0,D,D,correct
7,4,1,G,G,correct
7,4,2,C,C,correct
7,4,3,C,C,correct
7,4,4,K,K,correct
7,4,5,G,G,correct
7,4,6,O,O,correct
7,4,7,S,S,correct
7,4,8,C,C,correct
7,5,0,D,D,correct
7,5,1,F,F,correct
7,6,0,E,E,correct
7,6,1,G,G,correct
7,6,2,L,L,correct
7,6,3,M,M,correct
7,7,0,C,C,correct
7,7,1,G,G,correct
7,7,2,P,P,correct
7,8,0,C,C,correct
7,8,1,I,I,correct
7,8,2,N,N,correct
7,9,0,C,C,correct
7,9,1,G,G,correct
7,9,2,J,J,correct
7,9,3,M,M,correct
7,9,4,P,P,correct
7,9,5,S,S,correct
7,10,0,G,G,correct
7,10,1,F,F,correct
7,10,2,C,C,correct
7,10,3,H,H,correct
7,10,4,H,H,correct
7,10,5,M,M,correct
7,11,0,H,H,correct
7,11,1,G,G,correct
7,11,2,D,D,correct
7,11,3,K,K,correct
8,0,0,H,H,correct
8,0,1,I,I,correct
8,1,0,G,G,correct
8,1,1,F,F,correct
8,1,2,E,E,correct
8,1,3,L,L,correct
8,2,0,F,F,correct
8,2,1,L,L,correct
8,2,2,C,C,correct
8,2,3,C,C,correct
8,3,0,D,D,correct
8,3,1,H,H,correct
8,3,2,J,J,correct
8,3,3,M,M,correct
8,4,0,C,C,correct
8,4,1,G,G,correct
8,4,2,Q,Q,correct
8,4,3,S,S,correct
8,4,4,C,C,correct
8,4,5,G,G,correct
8,4,6,T,T,correct
8,4,7,S,S,correct
8,4,8,C,C,correct
8,5,0,D,D,correct
8,5,1,F,F,correct
8,6,0,E,E,correct
8,6,1,H,H,correct
8,6,2,L,L,correct
8,6,3,M,M,correct
8,7,0,E,A,substitution
8,7,1,F,A,substitution
8,7,2,M,M,correct
8,8,0,C,C,correct
8,8,1,I,I,correct
8,8,2,M,M,correct
8,9,0,C,C,correct
8,9,1,G,G,correct
8,9,2,M,M,correct
8,9,3,N,N,correct
8,9,4,P,P,correct
8,9,5,T,T,correct
8,10,0,G,G,correct
8,10,1,C,C,correct
8,10,2,J,J,correct
8,10,3,J,J,correct
8,10,4,J,J,correct
8,10,5,M,M,correct
8,11,0,H,D,substitution
8,11,1,G,G,correct
8,11,2,D,D,correct
8,11,3,K,U,substitution
9,0,0,H,H,correct
9,0,1,I,I,correct
9,1,0,I,I,correct
9,1,1,H,H,correct
9,1,2,G,G,correct
9,1,3,K,K,correct
9,2,0,R,R,correct
9,2,1,P,P,correct
9,2,2,H,H,correct
9,2,3,N,N,correct
9,3,0,F,F,correct
9,3,1,J,J,correct
9,3,2,L,L,correct
9,3,3,O,O,correct
9,4,0,E,E,correct
9,4,1,I,I,correct
9,4,2,P,P,correct
9,4,3,U,U,correct
9,4,4,E,E,correct
9,4,5,I,I,correct
9,4,6,O,O,correct
9,4,7,U,U,correct
9,4,8,V,V,correct
9,5,0,F,F,correct
9,5,1,H,H,correct
9,6,0,G,G,correct
9,6,1,I,I,correct
9,6,2,N,N,correct
9,6,3,O,O,correct
9,7,0,F,F,correct
9,7,1,I,I,correct
9,7,2,N,N,correct
9,8,0,E,E,correct
9,8,1,K,K,correct
9,8,2,P,P,correct
9,9,0,E,E,correct
9,9,1,J,J,correct
9,9,2,L,L,correct
9,9,3,O,O,correct
9,9,4,R,R,correct
9,9,5,V,V,correct
9,10,0,I,I,correct
9,10,1,E,E,correct
9,10,2,L,L,correct
9,10,3,L,L,correct
9,10,4,L,L,correct
9,10,5,O,O,correct
9,11,0,J,J,correct
9,11,1,I,I,correct
9,11,2,F,F,correct
9,11,3,J,J,correct
10,0,0,H,H,correct
10,0,1,I,I,correct
10,1,0,E,E,correct
10,1,1,D,D,correct
10,1,2,C,C,correct
10,1,3,J,J,correct
10,2,0,N,N,correct
10,2,1,L,L,correct
10,2,2,D,D,correct
10,2,3,J,J,correct
10,3,0,B,B,correct
10,3,1,F,F,correct
10,3,2,H,H,correct
10,3,3,K,K,correct
10,4,0,B,B,correct
10,4,1,E,E,correct
10,4,2,A,A,correct
10,4,3,A,A,correct
10,4,4,I,I,correct
10,4,5,E,E,correct
10,4,6,M,M,correct
10,4,7,Q,Q,correct
10,4,8,A,A,correct
10,5,0,A,A,correct
10,5,1,D,D,correct
10,6,0,C,C,correct
10,6,1,F,F,correct
10,6,2,J,J,correct
10,6,3,K,K,correct
10,7,0,A,A,correct
10,7,1,E,E,correct
10,7,2,L,L,correct
10,8,0,E,E,correct
10,8,1,G,G,correct
10,8,2,K,K,correct
10,9,0,D,B,substitution
10,9,1,E,E,correct
10,9,2,H,H,correct
10,9,3,K,K,correct
10,9,4,N,N,correct
10,9,5,Q,Q,correct
10,10,0,E,E,correct
10,10,1,A,A,correct
10,10,2,H,H,correct
10,10,3,H,H,correct
10,10,4,H,H,correct
10,10,5,K,L,substitution
10,11,0,F,F,correct
10,11,1,E,E,correct
10,11,2,B,B,correct
10,11,3,I,I,correct
11,0,0,H,H,correct
11,0,1,I,I,correct
11,1,0,I,I,correct
11,1,1,H,H,correct
11,1,2,G,G,correct
11,1,3,K,K,correct
11,2,0,R,R,correct
11,2,1,P,P,correct
11,2,2,H,H,correct
11,2,3,N,N,correct
11,3,0,F,F,correct
11,3,1,J,J,correct
11,3,2,N,N,correct
11,3,3,P,P,correct
11,4,0,L,L,correct
11,4,1,I,I,correct
11,4,2,P,P,correct
11,4,3,N,N,correct
11,4,4,E,E,correct
11,4,5,T,T,correct
11,4,6,V,V,correct
11,4,7,U,U,correct
11,4,8,E,E,correct
11,5,0,F,F,correct
11,5,1,G,G,correct
11,6,0,G,G,correct
11,6,1,I,D,substitution
11,6,2,N,M,substitution
11,6,3,O,O,correct
11,7,0,E,E,correct
11,7,1,I,I,correct
11,7,2,N,N,correct
11,8,0,G,G,correct
11,8,1,K,K,correct
11,8,2,P,P,correct
11,9,0,G,G,correct
11,9,1,I,I,correct
11,9,2,N,N,correct
11,9,3,O,O,correct
11,9,4,R,R,correct
11,9,5,U,U,correct
11,10,0,I,I,correct
11,10,1,F,F,correct
11,10,2,L,L,correct
11,10,3,L,L,correct
11,10,4,L,L,correct
11,10,5,O,O,correct
11,11,0,H,H,correct
11,11,1,I,I,correct
11,11,2,L,L,correct
11,11,3,I,I,correct
12,0,0,H,H,correct
12,0,1,I,I,correct
12,1,0,K,K,correct
12,1,1,J,J,correct
12,1,2,I,I,correct
12,1,3,M,M,correct
12,2,0,T,T,correct
12,2,1,R,R,correct
12,2,2,J,J,correct
12,2,3,P,P,correct
12,3,0,H,H,correct
12,3,1,L,L,correct
12,3,2,N,N,correct
12,3,3,Q,Q,correct
12,4,0,R,R,correct
12,4,1,K,K,correct
12,4,2,G,G,correct
12,4,3,G,G,correct
12,4,4,P,P,correct
12,4,5,K,K,correct
12,4,6,S,S,correct
12,4,7,W,W,correct
12,4,8,G,G,correct
12,5,0,G,G,correct
12,5,1,J,J,correct
12,6,0,I,I,correct
12,6,1,L,L,correct
12,6,2,P,P,correct
12,6,3,Q,Q,correct
12,7,0,I,I,correct
12,7,1,J,J,correct
12,7,2,O,O,correct
12,8,0,G,G,correct
12,8,1,M,M,correct
12,8,2,R,R,correct
12,9,0,G,G,correct
12,9,1,K,K,correct
12,9,2,N,N,correct
12,9,3,Q,Q,correct
12,9,4,T,T,correct
12,9,5,W,W,correct
12,10,0,K,K,correct
12,10,1,G,G,correct
12,10,2,N,N,correct
12,10,3,N,N,correct
12,10,4,N,N,correct
12,10,5,Q,Q,correct
12,11,0,L,L,correct
12,11,1,K,K,correct
12,11,2,N,N,correct
12,11,3,O,O,correct
13,0,0,H,H,correct
13,0,1,I,I,correct
13,1,0,K,K,correct
13,1,1,J,J,correct
13,1,2,I,M,substitution
13,1,3,M,M,correct
13,2,0,T,T,correct
13,2,1,R,R,correct
13,2,2,J,J,correct
13,2,3,P,P,correct
13,3,0,G,S,substitution
13,3,1,L,L,correct
13,3,2,O,O,correct
13,3,3,Q,Q,correct
13,4,0,J,J,correct
13,4,1,K,K,correct
13,4,2,G,G,correct
13,4,3,G,G,correct
13,4,4,P,P,correct
13,4,5,K,K,correct
13,4,6,V,V,correct
13,4,7,W,W,correct
13,4,8,S,S,correct
13,5,0,G,S,substitution
13,5,1,J,J,correct
13,6,0,I,I,correct
13,6,1,J,Y,substitution
13,6,2,P,P,correct
13,6,3,Q,Q,correct
13,7,0,I,I,correct
13,7,1,J,J,correct
13,7,2,O,O,correct
13,8,0,G,G,correct
13,8,1,M,M,correct
13,8,2,R,R,correct
13,9,0,G,G,correct
13,9,1,K,K,correct
13,9,2,N,N,correct
13,9,3,Q,Q,correct
13,9,4,T,T,correct
13,9,5,X,X,correct
13,10,0,K,K,correct
13,10,1,S,S,correct
13,10,2,N,N,correct
13,10,3,M,H,substitution
13,10,4,Q,Q,correct
13,10,5,Q,Q,correct
13,11,0,O,O,correct
13,11,1,O,O,correct
13,11,2,N,N,correct
13,11,3,Q,Q,correct
14,0,0,H,H,correct
14,0,1,I,I,correct
14,1,0,I,I,correct
14,1,1,H,H,correct
14,1,2,G,G,correct
14,1,3,K,K,correct
14,2,0,R,R,correct
14,2,1,P,P,correct
14,2,2,H,H,correct
14,2,3,N,N,correct
14,3,0,F,F,correct
14,3,1,J,Z,substitution
14,3,2,N,N,correct
14,3,3,O,O,correct
14,4,0,F,F,correct
14,4,1,I,I,correct
14,4,2,E,E,correct
14,4,3,E,E,correct
14,4,4,W,W,correct
14,4,5,I,I,correct
14,4,6,T,T,correct
14,4,7,U,U,correct
14,4,8,E,E,correct
14,5,0,M,M,correct
14,5,1,I,I,correct
14,6,0,G,G,correct
14,6,1,I,I,correct
14,6,2,N,N,correct
14,6,3,O,O,correct
14,7,0,E,E,correct
14,7,1,I,I,correct
14,7,2,P,P,correct
14,8,0,E,E,correct
14,8,1,K,K,correct
14,8,2,P,P,correct
14,9,0,E,E,correct
14,9,1,I,I,correct
14,9,2,L,L,correct
14,9,3,O,O,correct
14,9,4,R,R,correct
14,9,5,U,U,correct
14,10,0,I,I,correct
14,10,1,F,F,correct
14,10,2,E,E,correct
14,10,3,L,L,correct
14,10,4,L,L,correct
14,10,5,O,O,correct
14,11,0,J,J,correct
14,11,1,I,I,correct
14,11,2,F,F,correct
14,11,3,M,M,correct
15,0,0,H,H,correct
15,0,1,H,H,correct
15,1,0,G,G,correct
15,1,1,F,F,correct
15,1,2,E,E,correct
15,1,3,I,I,correct
15,2,0,P,P,correct
15,2,1,N,N,correct
15,2,2,F,F,correct
15,2,3,L,L,correct
15,3,0,D,D,correct
15,3,1,H,M,substitution
15,3,2,J,M,substitution
15,3,3,N,N,correct
15,4,0,D,D,correct
15,4,1,G,G,correct
15,4,2,C,C,correct
15,4,3,C,C,correct
15,4,4,K,K,correct
15,4,5,G,G,correct
15,4,6,O,O,correct
15,4,7,S,S,correct
15,4,8,C,C,correct
15,5,0,D,D,correct
15,5,1,F,F,correct
15,6,0,C,C,correct
15,6,1,O,M,substitution
15,6,2,L,L,correct
15,6,3,M,M,correct
15,7,0,E,E,correct
15,7,1,F,F,correct
15,7,2,K,K,correct
15,8,0,G,G,correct
15,8,1,I,I,correct
15,8,2,O,O,correct
15,9,0,C,C,correct
15,9,1,G,G,correct
15,9,2,J,J,correct
15,9,3,M,M,correct
15,9,4,P,P,correct
15,9,5,S,S,correct
15,10,0,J,M,substitution
15,10,1,F,F,correct
15,10,2,J,M,substitution
15,10,3,B,M,substitution
15,10,4,M,M,correct
15,10,5,M,M,correct
15,11,0,H,H,correct
15,11,1,K,K,correct
15,11,2,F,F,correct
15,11,3,K,K,correct
16,0,0,H,H,correct
16,0,1,I,I,correct
16,1,0,G,G,correct
16,1,1,F,F,correct
16,1,2,E,E,correct
16,1,3,L,L,correct
16,2,0,P,P,correct
16,2,1,N,N,correct
16,2,2,F,F,correct
16,2,3,L,L,correct
16,3,0,D,D,correct
16,3,1,H,H,correct
16,3,2,J,J,correct
16,3,3,M,M,correct
16,4,0,D,D,correct
16,4,1,G,G,correct
16,4,2,C,C,correct
16,4,3,C,C,correct
16,4,4,L,L,correct
16,4,5,G,G,correct
16,4,6,O,O,correct
16,4,7,S,S,correct
16,4,8,C,C,correct
16,5,0,D,D,correct
16,5,1,F,F,correct
16,6,0,E,E,correct
16,6,1,H,H,correct
16,6,2,L,L,correct
16,6,3,M,M,correct
16,7,0,E,E,correct
16,7,1,F,F,correct
16,7,2,K,K,correct
16,8,0,C,C,correct
16,8,1,J,J,correct
16,8,2,N,N,correct
16,9,0,C,C,correct
16,9,1,G,G,correct
16,9,2,J,J,correct
16,9,3,M,M,correct
16,9,4,N,N,correct
16,9,5,S,S,correct
16,10,0,G,G,correct
16,10,1,C,C,correct
16,10,2,E,E,correct
16,10,3,J,J,correct
16,10,4,J,J,correct
16,10,5,M,M,correct
16,11,0,H,H,correct
16,11,1,G,G,correct
16,11,2,C,C,correct
16,11,3,H,H,correct
17,0,0,H,H,correct
17,0,1,I,I,correct
17,1,0,K,K,correct
17,1,1,J,J,correct
17,1,2,I,I,correct
17,1,3,M,M,correct
17,2,0,T,T,correct
17,2,1,R,R,correct
17,2,2,J,J,correct
17,2,3,P,P,correct
17,3,0,H,H,correct
17,3,1,L,L,correct
17,3,2,P,P,correct
17,3,3,Q,Q,correct
17,4,0,O,O,correct
17,4,1,K,K,correct
17,4,2,R,R,correct
17,4,3,G,G,correct
17,4,4,O,O,correct
17,4,5,K,K,correct
17,4,6,S,S,correct
17,4,7,W,W,correct
17,4,8,G,G,correct
17,5,0,H,H,correct
17,5,1,J,J,correct
17,6,0,I,I,correct
17,6,1,J,J,correct
17,6,2,P,P,correct
17,6,3,K,K,correct
17,7,0,I,I,correct
17,7,1,J,J,correct
17,7,2,O,O,correct
17,8,0,G,G,correct
17,8,1,M,M,correct
17,8,2,R,R,correct
17,9,0,G,G,correct
17,9,1,K,K,correct
17,9,2,N,N,correct
17,9,3,Q,Q,correct
17,9,4,T,T,correct
17,9,5,W,W,correct
17,10,0,K,K,correct
17,10,1,G,G,correct
17,10,2,N,N,correct
17,10,3,L,L,correct
17,10,4,L,L,correct
17,10,5,Q,Q,correct
17,11,0,L,L,correct
17,11,1,K,K,correct
17,11,2,H,H,correct
17,11,3,O,O,correct
18,0,0,H,H,correct
18,0,1,I,T,substitution
18,1,0,E,E,correct
18,1,1,D,D,correct
18,1,2,C,C,correct
18,1,3,G,G,correct
18,2,0,N,N,correct
18,2,1,L,L,correct
18,2,2,D,D,correct
18,2,3,J,J,correct
18,3,0,A,A,correct
18,3,1,F,F,correct
18,3,2,J,J,correct
18,3,3,L,L,correct
18,4,0,I,I,correct
18,4,1,E,E,correct
18,4,2,B,B,correct
18,4,3,A,A,correct
18,4,4,A,A,correct
18,4,5,E,E,correct
18,4,6,M,M,correct
18,4,7,Q,Q,correct
18,4,8,S,S,correct
18,5,0,B,B,correct
18,5,1,D,D,correct
18,6,0,C,C,correct
18,6,1,F,F,correct
18,6,2,J,J,correct
18,6,3,K,K,correct
18,7,0,C,C,correct
18,7,1,D,D,correct
18,7,2,I,I,correct
18,8,0,A,A,correct
18,8,1,G,G,correct
18,8,2,L,L,correct
18,9,0,A,A,correct
18,9,1,E,E,correct
18,9,2,J,J,correct
18,9,3,K,K,correct
18,9,4,N,N,correct
18,9,5,Q,Q,correct
18,10,0,H,D,substitution
18,10,1,B,B,correct
18,10,2,H,H,correct
18,10,3,H,H,correct
18,10,4,K,K,correct
18,10,5,K,K,correct
18,11,0,F,F,correct
18,11,1,E,E,correct
18,11,2,B,B,correct
18,11,3,I,I,correct
19,0,0,H,H,correct
19,0,1,I,I,correct
19,1,0,I,I,correct
19,1,1,H,H,correct
19,1,2,G,G,correct
19,1,3,K,K,correct
19,2,0,R,R,correct
19,2,1,P,P,correct
19,2,2,H,H,correct
19,2,3,N,N,correct
19,3,0,E,E,correct
19,3,1,J,J,correct
19,3,2,L,L,correct
19,3,3,O,O,correct
19,4,0,O,O,correct
19,4,1,H,H,correct
19,4,2,E,E,correct
19,4,3,E,E,correct
19,4,4,M,M,correct
19,4,5,I,I,correct
19,4,6,Q,Q,correct
19,4,7,U,U,correct
19,4,8,E,E,correct
19,5,0,F,F,correct
19,5,1,H,H,correct
19,6,0,G,G,correct
19,6,1,I,I,correct
19,6,2,N,N,correct
19,6,3,P,P,correct
19,7,0,E,E,correct
19,7,1,H,H,correct
19,7,2,M,M,correct
19,8,0,E,E,correct
19,8,1,K,K,correct
19,8,2,O,O,correct
19,9,0,E,E,correct
19,9,1,I,I,correct
19,9,2,N,N,correct
19,9,3,O,O,correct
19,9,4,R,R,correct
19,9,5,U,U,correct
19,10,0,I,I,correct
19,10,1,F,F,correct
19,10,2,H,H,correct
19,10,3,J,J,correct
19,10,4,J,J,correct
19,10,5,O,O,correct
19,11,0,J,J,correct
19,11,1,I,I,correct
19,11,2,F,F,correct
19,11,3,M,M,correct
20,0,0,H,H,correct
20,0,1,I,I,correct
20,1,0,E,E,correct
20,1,1,D,D,correct
20,1,2,C,C,correct
20,1,3,E,E,correct
20,2,0,N,N,correct
20,2,1,L,L,correct
20,2,2,D,O,substitution
20,2,3,J,J,correct
20,3,0,B,B,correct
20,3,1,F,F,correct
20,3,2,H,H,correct
20,3,3,K,K,correct
20,4,0,B,B,correct
20,4,1,E,E,correct
20,4,2,A,A,correct
20,4,3,A,A,correct
20,4,4,I,I,correct
20,4,5,E,E,correct
20,4,6,M,M,correct
20,4,7,Q,Q,correct
20,4,8,A,A,correct
20,5,0,B,B,correct
20,5,1,D,D,correct
20,6,0,C,C,correct
20,6,1,F,F,correct
20,6,2,J,J,correct
20,6,3,K,K,correct
20,7,0,A,A,correct
20,7,1,E,E,correct
20,7,2,N,N,correct
20,8,0,A,A,correct
20,8,1,G,G,correct
20,8,2,L,L,correct
20,9,0,A,A,correct
20,9,1,E,E,correct
20,9,2,H,H,correct
20,9,3,K,K,correct
20,9,4,N,N,correct
20,9,5,Q,Q,correct
20,10,0,E,E,correct
20,10,1,A,A,correct
20,10,2,C,C,correct
20,10,3,H,H,correct
20,10,4,H,H,correct
20,10,5,K,K,correct
20,11,0,F,F,correct
20,11,1,E,E,correct
20,11,2,B,B,correct
20,11,3,I,I,correct
21,0,0,H,H,correct
21,0,1,I,I,correct
21,1,0,I,I,correct
21,1,1,H,H,correct
21,1,2,G,G,correct
21,1,3,K,K,correct
21,2,0,R,R,correct
21,2,1,P,P,correct
21,2,2,H,H,correct
21,2,3,N,N,correct
21,3,0,F,F,correct
21,3,1,J,J,correct
21,3,2,M,M,correct
21,3,3,O,O,correct
21,4,0,I,I,correct
21,4,1,P,P,correct
21,4,2,E,E,correct
21,4,3,E,E,correct
21,4,4,P,P,correct
21,4,5,J,J,correct
21,4,6,T,T,correct
21,4,7,U,U,correct
21,4,8,W,W,correct
21,5,0,M,M,correct
21,5,1,H,H,correct
21,6,0,G,G,correct
21,6,1,I,I,correct
21,6,2,N,N,correct
21,6,3,O,O,correct
21,7,0,F,F,correct
21,7,1,I,I,correct
21,7,2,R,R,correct
21,8,0,E,E,correct
21,8,1,K,K,correct
21,8,2,P,P,correct
21,9,0,E,E,correct
21,9,1,I,I,correct
21,9,2,L,L,correct
21,9,3,O,O,correct
21,9,4,R,R,correct
21,9,5,U,U,correct
21,10,0,I,I,correct
21,10,1,F,F,correct
21,10,2,G,G,correct
21,10,3,I,I,correct
21,10,4,L,L,correct
21,10,5,O,O,correct
21,11,0,J,J,correct
21,11,1,I,I,correct
21,11,2,F,F,correct
21,11,3,M,M,correct
22,0,0,H,H,correct
22,0,1,I,I,correct
22,1,0,E,E,correct
22,1,1,D,D,correct
22,1,2,C,C,correct
22,1,3,G,G,correct
22,2,0,N,N,correct
22,2,1,L,L,correct
22,2,2,D,D,correct
22,2,3,J,J,correct
22,3,0,B,B,correct
22,3,1,F,F,correct
22,3,2,J,J,correct
22,3,3,K,K,correct
22,4,0,B,B,correct
22,4,1,E,E,correct
22,4,2,A,A,correct
22,4,3,A,A,correct
22,4,4,I,I,correct
22,4,5,E,E,correct
22,4,6,M,M,correct
22,4,7,Q,Q,correct
22,4,8,A,A,correct
22,5,0,B,B,correct
22,5,1,D,D,correct
22,6,0,C,C,correct
22,6,1,E,E,correct
22,6,2,J,J,correct
22,6,3,K,K,correct
22,7,0,A,A,correct
22,7,1,E,E,correct
22,7,2,L,L,correct
22,8,0,A,A,correct
22,8,1,G,G,correct
22,8,2,L,L,correct
22,9,0,A,A,correct
22,9,1,E,E,correct
22,9,2,H,H,correct
22,9,3,K,K,correct
22,9,4,N,N,correct
22,9,5,Q,Q,correct
22,10,0,E,E,correct
22,10,1,B,B,correct
22,10,2,H,H,correct
22,10,3,H,H,correct
22,10,4,H,H,correct
22,10,5,K,K,correct
22,11,0,D,D,correct
22,11,1,E,E,correct
22,11,2,C,C,correct
22,11,3,E,E,correct
23,0,0,H,H,correct
23,0,1,I,I,correct
23,1,0,G,G,correct
23,1,1,F,F,correct
23,1,2,E,E,correct
23,1,3,I,I,correct
23,2,0,P,P,correct
23,2,1,N,N,correct
23,2,2,F,F,correct
23,2,3,L,L,correct
23,3,0,C,C,correct
23,3,1,H,H,correct
23,3,2,L,L,correct
23,3,3,M,M,correct
23,4,0,D,D,correct
23,4,1,G,G,correct
23,4,2,Q,Q,correct
23,4,3,S,S,correct
23,4,4,K,K,correct
23,4,5,G,G,correct
23,4,6,R,R,correct
23,4,7,S,S,correct
23,4,8,C,C,correct
23,5,0,C,C,correct
23,5,1,F,F,correct
23,6,0,E,E,correct
23,6,1,G,G,correct
23,6,2,L,L,correct
23,6,3,M,M,correct
23,7,0,C,C,correct
23,7,1,G,G,correct
23,7,2,L,L,correct
23,8,0,C,C,correct
23,8,1,I,I,correct
23,8,2,Q,Q,correct
23,9,0,C,C,correct
23,9,1,G,G,correct
23,9,2,M,M,correct
23,9,3,N,N,correct
23,9,4,P,P,correct
23,9,5,S,S,correct
23,10,0,F,F,correct
23,10,1,C,C,correct
23,10,2,J,J,correct
23,10,3,J,J,correct
23,10,4,J,J,correct
23,10,5,M,M,correct
23,11,0,F,F,correct
23,11,1,G,G,correct
23,11,2,D,D,correct
23,11,3,G,G,correct
24,0,0,H,H,correct
24,0,1,I,I,correct
24,1,0,K,K,correct
24,1,1,J,J,correct
24,1,2,I,I,correct
24,1,3,M,M,correct
24,2,0,T,T,correct
24,2,1,R,R,correct
24,2,2,J,J,correct
24,2,3,P,P,correct
24,3,0,H,H,correct
24,3,1,L,L,correct
24,3,2,P,P,correct
24,3,3,Q,Q,correct
24,4,0,H,H,correct
24,4,1,K,K,correct
24,4,2,G,G,correct
24,4,3,G,G,correct
24,4,4,O,O,correct
24,4,5,K,R,substitution
24,4,6,S,S,correct
24,4,7,W,W,correct
24,4,8,G,G,correct
24,5,0,H,H,correct
24,5,1,J,J,correct
24,6,0,I,I,correct
24,6,1,L,L,correct
24,6,2,P,P,correct
24,6,3,Q,Q,correct
24,7,0,G,G,correct
24,7,1,J,J,correct
24,7,2,O,O,correct
24,8,0,G,G,correct
24,8,1,M,M,correct
24,8,2,R,R,correct
24,9,0,G,G,correct
24,9,1,K,K,correct
24,9,2,N,N,correct
24,9,3,Q,Q,correct
24,9,4,T,T,correct
24,9,5,W,W,correct
24,10,0,K,R,substitution
24,10,1,G,G,correct
24,10,2,N,N,correct
24,10,3,L,L,correct
24,10,4,L,L,correct
24,10,5,Q,Q,correct
24,11,0,L,L,correct
24,11,1,K,K,correct
24,11,2,H,H,correct
24,11,3,O,O,correct
25,0,0,H,H,correct
25,0,1,I,I,correct
25,1,0,G,G,correct
25,1,1,F,F,correct
25,1,2,E,E,correct
25,1,3,I,I,correct
25,2,0,P,P,correct
25,2,1,N,N,correct
25,2,2,F,F,correct
25,2,3,L,L,correct
25,3,0,D,D,correct
25,3,1,H,H,correct
25,3,2,J,J,correct
25,3,3,M,M,correct
25,4,0,G,G,correct
25,4,1,D,D,correct
25,4,2,C,C,correct
25,4,3,C,C,correct
25,4,4,K,K,correct
25,4,5,G,G,correct
25,4,6,O,O,correct
25,4,7,S,S,correct
25,4,8,C,C,correct
25,5,0,D,D,correct
25,5,1,F,F,correct
25,6,0,E,E,correct
25,6,1,H,H,correct
25,6,2,L,L,correct
25,6,3,M,M,correct
25,7,0,E,E,correct
25,7,1,F,F,correct
25,7,2,K,K,correct
25,8,0,C,C,correct
25,8,1,I,I,correct
25,8,2,N,N,correct
25,9,0,C,C,correct
25,9,1,G,G,correct
25,9,2,J,J,correct
25,9,3,M,M,correct
25,9,4,P,P,correct
25,9,5,S,S,correct
25,10,0,G,G,correct
25,10,1,C,C,correct
25,10,2,J,J,correct
25,10,3,J,D,substitution
25,10,4,J,D,substitution
25,10,5,M,M,correct
25,11,0,H,H,correct
25,11,1,G,G,correct
25,11,2,D,D,correct
25,11,3,K,K,correct
26,0,0,H,H,correct
26,0,1,I,I,correct
26,1,0,O,O,correct
26,1,1,H,H,correct
26,1,2,G,G,correct
26,1,3,H,H,correct
26,2,0,R,R,correct
26,2,1,P,P,correct
26,2,2,H,H,correct
26,2,3,N,N,correct
26,3,0,F,F,correct
26,3,1,J,J,correct
26,3,2,L,L,correct
26,3,3,P,P,correct
26,4,0,F,F,correct
26,4,1,I,I,correct
26,4,2,E,E,correct
26,4,3,E,E,correct
26,4,4,M,M,correct
26,4,5,I,I,correct
26,4,6,S,S,correct
26,4,7,U,U,correct
26,4,8,E,E,correct
26,5,0,F,F,correct
26,5,1,H,H,correct
26,6,0,G,G,correct
26,6,1,J,J,correct
26,6,2,N,N,correct
26,6,3,O,O,correct
26,7,0,G,G,correct
26,7,1,H,H,correct
26,7,2,M,M,correct
26,8,0,I,I,correct
26,8,1,K,K,correct
26,8,2,P,P,correct
26,9,0,E,E,correct
26,9,1,I,I,correct
26,9,2,L,L,correct
26,9,3,O,O,correct
26,9,4,R,R,correct
26,9,5,U,U,correct
26,10,0,I,I,correct
26,10,1,E,E,correct
26,10,2,G,G,correct
26,10,3,L,L,correct
26,10,4,L,L,correct
26,10,5,O,O,correct
26,11,0,J,J,correct
26,11,1,I,I,correct
26,11,2,E,E,correct
26,11,3,M,M,correct
27,0,0,H,H,correct
27,0,1,I,D,substitution
27,1,0,E,F,substitution
27,1,1,D,D,correct
27,1,2,G,G,correct
27,1,3,C,C,correct
27,2,0,D,D,correct
27,2,1,J,D,substitution
27,2,2,A,A,correct
27,2,3,A,A,correct
27,3,0,B,B,correct
27,3,1,F,F,correct
27,3,2,H,H,correct
27,3,3,K,K,correct
27,4,0,B,B,correct
27,4,1,E,E,correct
27,4,2,A,A,correct
27,4,3,A,A,correct
27,4,4,I,I,correct
27,4,5,E,E,correct
27,4,6,M,M,correct
27,4,7,Q,Q,correct
27,4,8,A,A,correct
27,5,0,I,I,correct
27,5,1,D,D,correct
27,6,0,C,C,correct
27,6,1,F,F,correct
27,6,2,J,D,substitution
27,6,3,K,K,correct
27,7,0,A,A,correct
27,7,1,E,F,substitution
27,7,2,L,L,correct
27,8,0,A,A,correct
27,8,1,G,L,substitution
27,8,2,L,L,correct
27,9,0,A,A,correct
27,9,1,E,E,correct
27,9,2,H,H,correct
27,9,3,K,K,correct
27,9,4,N,N,correct
27,9,5,Q,Q,correct
27,10,0,E,E,correct
27,10,1,A,A,correct
27,10,2,C,C,correct
27,10,3,H,H,correct
27,10,4,H,H,correct
27,10,5,K,K,correct
27,11,0,F,F,correct
27,11,1,E,E,correct
27,11,2,B,B,correct
27,11,3,I,I,correct
28,0,0,H,H,correct
28,0,1,I,I,correct
28,1,0,E,E,correct
28,1,1,D,D,correct
28,1,2,C,C,correct
28,1,3,G,G,correct
28,2,0,N,N,correct
28,2,1,L,L,correct
28,2,2,D,D,correct
28,2,3,J,J,correct
28,3,0,B,B,correct
28,3,1,F,F,correct
28,3,2,H,H,correct
28,3,3,K,K,correct
28,4,0,I,I,correct
28,4,1,E,E,correct
28,4,2,A,A,correct
28,4,3,A,A,correct
28,4,4,I,I,correct
28,4,5,E,E,correct
28,4,6,M,M,correct
28,4,7,Q,Q,correct
28,4,8,A,A,correct
28,5,0,A,A,correct
28,5,1,E,E,correct
28,6,0,C,C,correct
28,6,1,E,E,correct
28,6,2,J,F,substitution
28,6,3,K,K,correct
28,7,0,A,A,correct
28,7,1,D,D,correct
28,7,2,I,I,correct
28,8,0,A,A,correct
28,8,1,G,G,correct
28,8,2,L,L,correct
28,9,0,A,A,correct
28,9,1,E,E,correct
28,9,2,H,H,correct
28,9,3,K,K,correct
28,9,4,N,N,correct
28,9,5,Q,Q,correct
28,10,0,E,E,correct
28,10,1,A,A,correct
28,10,2,H,H,correct
28,10,3,H,H,correct
28,10,4,H,H,correct
28,10,5,K,K,correct
28,11,0,F,F,correct
28,11,1,E,E,correct
28,11,2,B,B,correct
28,11,3,I,I,correct
29,0,0,H,H,correct
29,0,1,M,M,correct
29,1,0,E,E,correct
29,1,1,D,D,correct
29,1,2,C,C,correct
29,1,3,J,J,correct
29,2,0,N,N,correct
29,2,1,L,L,correct
29,2,2,D,D,correct
29,2,3,J,J,correct
29,3,0,A,A,correct
29,3,1,F,F,correct
29,3,2,I,I,correct
29,3,3,K,K,correct
29,4,0,J,J,correct
29,4,1,E,E,correct
29,4,2,L,L,correct
29,4,3,A,A,correct
29,4,4,J,J,correct
29,4,5,E,E,correct
29,4,6,M,M,correct
29,4,7,Q,Q,correct
29,4,8,A,A,correct
29,5,0,I,I,correct
29,5,1,D,D,correct
29,6,0,C,C,correct
29,6,1,E,E,correct
29,6,2,J,J,correct
29,6,3,K,K,correct
29,7,0,A,A,correct
29,7,1,E,E,correct
29,7,2,L,L,correct
29,8,0,A,A,correct
29,8,1,G,G,correct
29,8,2,L,L,correct
29,9,0,A,A,correct
29,9,1,E,E,correct
29,9,2,H,H,correct
29,9,3,K,K,correct
29,9,4,N,N,correct
29,9,5,Q,Q,correct
29,10,0,E,E,correct
29,10,1,A,A,correct
29,10,2,C,C,correct
29,10,3,H,H,correct
29,10,4,H,H,correct
29,10,5,K,K,correct
29,11,0,D,D,correct
29,11,1,E,E,correct
29,11,2,B,B,correct
29,11,3,E,E,correct
30,0,0,H,H,correct
30,0,1,I,I,correct
30,1,0,K,K,correct
30,1,1,J,J,correct
30,1,2,I,I,correct
30,1,3,M,M,correct
30,2,0,T,T,correct
30,2,1,R,R,correct
30,2,2,J,J,correct
30,2,3,P,P,correct
30,3,0,H,H,correct
30,3,1,L,L,correct
30,3,2,N,N,correct
30,3,3,Q,Q,correct
30,4,0,H,H,correct
30,4,1,K,K,correct
30,4,2,G,G,correct
30,4,3,G,G,correct
30,4,4,G,G,correct
30,4,5,K,K,correct
30,4,6,S,S,correct
30,4,7,W,W,correct
30,4,8,G,G,correct
30,5,0,H,H,correct
30,5,1,J,J,correct
30,6,0,I,I,correct
30,6,1,L,L,correct
30,6,2,P,P,correct
30,6,3,Q,Q,correct
30,7,0,H,H,correct
30,7,1,K,K,correct
30,7,2,P,P,correct
30,8,0,G,G,correct
30,8,1,M,M,correct
30,8,2,R,R,correct
30,9,0,J,J,correct
30,9,1,K,K,correct
30,9,2,Q,Q,correct
30,9,3,R,R,correct
30,9,4,T,T,correct
30,9,5,X,X,correct
30,10,0,K,K,correct
30,10,1,G,G,correct
30,10,2,N,N,correct
30,10,3,N,N,correct
30,10,4,N,N,correct
30,10,5,Q,Q,correct
30,11,0,L,L,correct
30,11,1,K,K,correct
30,11,2,H,H,correct
30,11,3,O,O,correct
31,0,0,H,H,correct
31,0,1,I,I,correct
31,1,0,K,K,correct
31,1,1,D,D,correct
31,1,2,C,C,correct
31,1,3,G,G,correct
31,2,0,N,N,correct
31,2,1,L,L,correct
31,2,2,D,D,correct
31,2,3,J,J,correct
31,3,0,B,B,correct
31,3,1,F,F,correct
31,3,2,H,H,correct
31,3,3,L,L,correct
31,4,0,H,H,correct
31,4,1,E,E,correct
31,4,2,A,A,correct
31,4,3,A,A,correct
31,4,4,O,O,correct
31,4,5,E,E,correct
31,4,6,D,D,correct
31,4,7,Q,Q,correct
31,4,8,A,A,correct
31,5,0,A,A,correct
31,5,1,D,D,correct
31,6,0,B,B,correct
31,6,1,E,E,correct
31,6,2,J,J,correct
31,6,3,K,K,correct
31,7,0,A,A,correct
31,7,1,E,E,correct
31,7,2,L,L,correct
31,8,0,A,A,correct
31,8,1,G,G,correct
31,8,2,K,K,correct
31,9,0,D,D,correct
31,9,1,E,E,correct
31,9,2,J,J,correct
31,9,3,K,K,correct
31,9,4,N,N,correct
31,9,5,Q,Q,correct
31,10,0,E,E,correct
31,10,1,B,B,correct
31,10,2,A,A,correct
31,10,3,H,H,correct
31,10,4,H,H,correct
31,10,5,K,K,correct
31,11,0,F,F,correct
31,11,1,E,E,correct
31,11,2,B,B,correct
31,11,3,I,I,correct
32,0,0,H,H,correct
32,0,1,I,I,correct
32,1,0,G,G,correct
32,1,1,F,F,correct
32,1,2,G,G,correct
32,1,3,F,F,correct
32,2,0,F,F,correct
32,2,1,L,L,correct
32,2,2,C,C,correct
32,2,3,C,C,correct
32,3,0,D,D,correct
32,3,1,H,H,correct
32,3,2,J,J,correct
32,3,3,M,M,correct
32,4,0,C,C,correct
32,4,1,G,G,correct
32,4,2,S,S,correct
32,4,3,C,C,correct
32,4,4,C,C,correct
32,4,5,G,G,correct
32,4,6,T,T,correct
32,4,7,S,S,correct
32,4,8,C,C,correct
32,5,0,C,C,correct
32,5,1,F,F,correct
32,6,0,E,E,correct
32,6,1,H,H,correct
32,6,2,L,L,correct
32,6,3,M,M,correct
32,7,0,F,F,correct
32,7,1,E,E,correct
32,7,2,K,K,correct
32,8,0,C,C,correct
32,8,1,I,I,correct
32,8,2,N,N,correct
32,9,0,C,C,correct
32,9,1,G,G,correct
32,9,2,J,J,correct
32,9,3,M,M,correct
32,9,4,P,P,correct
32,9,5,S,S,correct
32,10,0,G,G,correct
32,10,1,C,C,correct
32,10,2,J,J,correct
32,10,3,J,J,correct
32,10,4,M,M,correct
32,10,5,M,M,correct
32,11,0,H,H,correct
32,11,1,G,G,correct
32,11,2,D,D,correct
32,11,3,K,K,correct
33,0,0,H,H,correct
33,0,1,I,I,correct
33,1,0,I,I,correct
33,1,1,H,H,correct
33,1,2,G,G,correct
33,1,3,K,K,correct
33,2,0,R,R,correct
33,2,1,P,P,correct
33,2,2,H,H,correct
33,2,3,N,N,correct
33,3,0,F,F,correct
33,3,1,J,J,correct
33,3,2,L,L,correct
33,3,3,O,O,correct
33,4,0,F,F,correct
33,4,1,I,I,correct
33,4,2,E,E,correct
33,4,3,E,E,correct
33,4,4,M,M,correct
33,4,5,I,I,correct
33,4,6,Q,Q,correct
33,4,7,U,U,correct
33,4,8,E,E,correct
33,5,0,F,F,correct
33,5,1,H,H,correct
33,6,0,G,G,correct
33,6,1,I,I,correct
33,6,2,N,N,correct
33,6,3,O,O,correct
33,7,0,E,E,correct
33,7,1,I,I,correct
33,7,2,P,P,correct
33,8,0,E,E,correct
33,8,1,K,K,correct
33,8,2,O,O,correct
33,9,0,E,E,correct
33,9,1,I,I,correct
33,9,2,L,L,correct
33,9,3,O,O,correct
33,9,4,R,R,correct
33,9,5,U,U,correct
33,10,0,I,I,correct
33,10,1,E,E,correct
33,10,2,G,G,correct
33,10,3,L,L,correct
33,10,4,L,L,correct
33,10,5,O,O,correct
33,11,0,J,J,correct
33,11,1,I,I,correct
33,11,2,G,G,correct
33,11,3,M,M,correct
34,0,0,H,H,correct
34,0,1,I,I,correct
34,1,0,K,K,correct
34,1,1,J,J,correct
34,1,2,I,L,substitution
34,1,3,M,M,correct
34,2,0,T,T,correct
34,2,1,R,R,correct
34,2,2,J,G,substitution
34,2,3,P,P,correct
34,3,0,H,H,correct
34,3,1,L,L,correct
34,3,2,N,N,correct
34,3,3,T,T,correct
34,4,0,O,O,correct
34,4,1,K,K,correct
34,4,2,G,G,correct
34,4,3,G,G,correct
34,4,4,O,O,correct
34,4,5,K,K,correct
34,4,6,U,U,correct
34,4,7,W,W,correct
34,4,8,G,G,correct
34,5,0,H,H,correct
34,5,1,J,J,correct
34,6,0,I,I,correct
34,6,1,K,K,correct
34,6,2,P,P,correct
34,6,3,Q,Q,correct
34,7,0,G,G,correct
34,7,1,K,K,correct
34,7,2,R,R,correct
34,8,0,G,G,correct
34,8,1,M,M,correct
34,8,2,R,R,correct
34,9,0,G,G,correct
34,9,1,K,K,correct
34,9,2,Q,Q,correct
34,9,3,R,R,correct
34,9,4,T,T,correct
34,9,5,X,X,correct
34,10,0,K,K,correct
34,10,1,G,G,correct
34,10,2,N,N,correct
34,10,3,L,L,correct
34,10,4,L,L,correct
34,10,5,Q,Q,correct
34,11,0,L,L,correct
34,11,1,K,K,correct
34,11,2,H,H,correct
34,11,3,O,O,correct
35,0,0,H,H,correct
35,0,1,I,I,correct
35,0,2,<NONE>,?,insertion
35,0,3,<NONE>,?,insertion
35,0,4,<NONE>,?,insertion
35,0,5,<NONE>,?,insertion
35,0,6,<NONE>,?,insertion
35,0,7,<NONE>,?,insertion
35,0,8,<NONE>,?,insertion
35,1,0,G,G,correct
35,1,1,F,F,correct
35,1,2,E,E,correct
35,1,3,I,I,correct
35,2,0,P,P,correct
35,2,1,N,N,correct
35,2,2,F,F,correct
35,2,3,L,L,correct
35,3,0,D,D,correct
35,3,1,H,H,correct
35,3,2,L,L,correct
35,3,3,M,M,correct
35,4,0,C,C,correct
35,4,1,G,G,correct
35,4,2,F,F,correct
35,4,3,C,C,correct
35,4,4,C,C,correct
35,4,5,G,G,correct
35,4,6,R,R,correct
35,4,7,N,N,correct
35,4,8,C,C,correct
35,5,0,H,H,correct
35,5,1,G,G,correct
35,6,0,E,E,correct
35,6,1,G,G,correct
35,6,2,L,L,correct
35,6,3,M,M,correct
35,7,0,C,C,correct
35,7,1,G,G,correct
35,7,2,P,P,correct
35,8,0,C,C,correct
35,8,1,I,I,correct
35,8,2,N,N,correct
35,9,0,C,C,correct
35,9,1,G,G,correct
35,9,2,M,M,correct
35,9,3,N,N,correct
35,9,4,P,P,correct
35,9,5,S,S,correct
35,10,0,G,G,correct
35,10,1,C,C,correct
35,10,2,J,J,correct
35,10,3,J,J,correct
35,10,4,J,J,correct
35,10,5,M,M,correct
35,11,0,H,H,correct
35,11,1,G,G,correct
35,11,2,D,D,correct
35,11,3,K,K,correct
36,0,0,H,H,correct
36,0,1,I,I,correct
36,1,0,G,G,correct
36,1,1,F,F,correct
36,1,2,E,E,correct
36,1,3,I,I,correct
36,2,0,F,F,correct
36,2,1,L,L,correct
36,2,2,C,C,correct
36,2,3,C,C,correct
36,3,0,D,D,correct
36,3,1,H,H,correct
36,3,2,J,J,correct
36,3,3,M,M,correct
36,4,0,D,D,correct
36,4,1,G,G,correct
36,4,2,C,C,correct
36,4,3,C,C,correct
36,4,4,K,K,correct
36,4,5,G,G,correct
36,4,6,O,O,correct
36,4,7,S,S,correct
36,4,8,C,C,correct
36,5,0,C,C,correct
36,5,1,F,F,correct
36,6,0,E,E,correct
36,6,1,H,H,correct
36,6,2,L,L,correct
36,6,3,M,M,correct
36,7,0,E,E,correct
36,7,1,F,F,correct
36,7,2,K,K,correct
36,8,0,C,C,correct
36,8,1,L,L,correct
36,8,2,N,N,correct
36,9,0,C,C,correct
36,9,1,G,G,correct
36,9,2,M,M,correct
36,9,3,N,N,correct
36,9,4,P,P,correct
36,9,5,T,T,correct
36,10,0,G,G,correct
36,10,1,C,C,correct
36,10,2,E,E,correct
36,10,3,J,J,correct
36,10,4,J,J,correct
36,10,5,M,M,correct
36,11,0,H,H,correct
36,11,1,G,G,correct
36,11,2,D,D,correct
36,11,3,K,K,correct
37,0,0,H,H,correct
37,0,1,I,I,correct
37,1,0,G,G,correct
37,1,1,K,K,correct
37,1,2,I,I,correct
37,1,3,H,H,correct
37,2,0,R,R,correct
37,2,1,P,P,correct
37,2,2,H,H,correct
37,2,3,N,N,correct
37,3,0,F,F,correct
37,3,1,J,J,correct
37,3,2,M,M,correct
37,3,3,O,O,correct
37,4,0,F,F,correct
37,4,1,I,I,correct
37,4,2,E,E,correct
37,4,3,E,E,correct
37,4,4,M,M,correct
37,4,5,I,I,correct
37,4,6,T,T,correct
37,4,7,U,U,correct
37,4,8,E,E,correct
37,5,0,F,F,correct
37,5,1,H,H,correct
37,6,0,G,G,correct
37,6,1,I,I,correct
37,6,2,N,N,correct
37,6,3,O,O,correct
37,7,0,E,E,correct
37,7,1,I,I,correct
37,7,2,R,R,correct
37,8,0,E,E,correct
37,8,1,K,K,correct
37,8,2,P,P,correct
37,9,0,E,E,correct
37,9,1,I,I,correct
37,9,2,L,L,correct
37,9,3,O,O,correct
37,9,4,R,R,correct
37,9,5,U,U,correct
37,10,0,I,I,correct
37,10,1,F,F,correct
37,10,2,E,E,correct
37,10,3,J,J,correct
37,10,4,J,J,correct
37,10,5,O,O,correct
37,11,0,J,J,correct
37,11,1,I,I,correct
37,11,2,F,F,correct
37,11,3,M,M,correct
38,0,0,H,H,correct
38,0,1,I,I,correct
38,1,0,I,I,correct
38,1,1,H,H,correct
38,1,2,G,G,correct
38,1,3,H,H,correct
38,2,0,R,R,correct
38,2,1,P,P,correct
38,2,2,H,H,correct
38,2,3,N,N,correct
38,3,0,F,F,correct
38,3,1,J,J,correct
38,3,2,F,F,correct
38,3,3,O,O,correct
38,4,0,F,F,correct
38,4,1,I,I,correct
38,4,2,E,E,correct
38,4,3,E,E,correct
38,4,4,M,M,correct
38,4,5,I,I,correct
38,4,6,Q,Q,correct
38,4,7,U,U,correct
38,4,8,E,E,correct
38,5,0,E,E,correct
38,5,1,H,H,correct
38,6,0,G,G,correct
38,6,1,J,J,correct
38,6,2,N,N,correct
38,6,3,O,O,correct
38,7,0,E,E,correct
38,7,1,I,I,correct
38,7,2,P,P,correct
38,8,0,E,E,correct
38,8,1,K,K,correct
38,8,2,P,P,correct
38,9,0,E,E,correct
38,9,1,I,I,correct
38,9,2,L,L,correct
38,9,3,O,O,correct
38,9,4,R,R,correct
38,9,5,U,U,correct
38,10,0,I,I,correct
38,10,1,E,E,correct
38,10,2,G,G,correct
38,10,3,J,J,correct
38,10,4,J,J,correct
38,10,5,O,O,correct
38,11,0,J,J,correct
38,11,1,I,I,correct
38,11,2,F,F,correct
38,11,3,J,J,correct
39,0,0,H,H,correct
39,0,1,I,I,correct
39,1,0,K,K,correct
39,1,1,J,J,correct
39,1,2,I,I,correct
39,1,3,M,M,correct
39,2,0,T,T,correct
39,2,1,R,R,correct
39,2,2,J,J,correct
39,2,3,P,P,correct
39,3,0,H,H,correct
39,3,1,L,L,correct
39,3,2,N,N,correct
39,3,3,Q,Q,correct
39,4,0,H,H,correct
39,4,1,K,K,correct
39,4,2,G,G,correct
39,4,3,G,G,correct
39,4,4,O,O,correct
39,4,5,K,K,correct
39,4,6,S,S,correct
39,4,7,W,W,correct
39,4,8,G,G,correct
39,5,0,H,H,correct
39,5,1,J,J,correct
39,6,0,I,I,correct
39,6,1,L,L,correct
39,6,2,P,P,correct
39,6,3,Q,Q,correct
39,7,0,I,I,correct
39,7,1,J,J,correct
39,7,2,O,O,correct
39,8,0,G,G,correct
39,8,1,M,M,correct
39,8,2,R,R,correct
39,9,0,G,G,correct
39,9,1,K,K,correct
39,9,2,N,N,correct
39,9,3,Q,Q,correct
39,9,4,T,T,correct
39,9,5,W,W,correct
39,10,0,K,K,correct
39,10,1,G,G,correct
39,10,2,I,I,correct
39,10,3,N,N,correct
39,10,4,N,N,correct
39,10,5,Q,Q,correct
39,11,0,L,L,correct
39,11,1,K,K,correct
39,11,2,H,H,correct
39,11,3,O,O,correct
40,0,0,H,H,correct
40,0,1,I,I,correct
40,1,0,G,G,correct
40,1,1,F,F,correct
40,1,2,E,E,correct
40,1,3,I,I,correct
40,2,0,P,P,correct
40,2,1,N,N,correct
40,2,2,F,F,correct
40,2,3,L,L,correct
40,3,0,D,D,correct
40,3,1,H,H,correct
40,3,2,J,J,correct
40,3,3,M,M,correct
40,4,0,K,K,correct
40,4,1,G,G,correct
40,4,2,N,N,correct
40,4,3,C,C,correct
40,4,4,K,K,correct
40,4,5,G,G,correct
40,4,6,O,O,correct
40,4,7,S,S,correct
40,4,8,C,C,correct
40,5,0,D,D,correct
40,5,1,F,F,correct
40,6,0,E,E,correct
40,6,1,G,G,correct
40,6,2,L,L,correct
40,6,3,M,M,correct
40,7,0,E,E,correct
40,7,1,F,F,correct
40,7,2,K,K,correct
40,8,0,C,C,correct
40,8,1,I,I,correct
40,8,2,N,N,correct
40,9,0,C,C,correct
40,9,1,G,G,correct
40,9,2,J,J,correct
40,9,3,M,M,correct
40,9,4,P,P,correct
40,9,5,S,S,correct
40,10,0,G,G,correct
40,10,1,C,C,correct
40,10,2,F,F,correct
40,10,3,J,J,correct
40,10,4,J,J,correct
40,10,5,M,M,correct
40,11,0,H,H,correct
40,11,1,G,G,correct
40,11,2,D,D,correct
40,11,3,K,K,correct
41,0,0,H,H,correct
41,0,1,I,I,correct
41,1,0,I,I,correct
41,1,1,H,H,correct
41,1,2,G,G,correct
41,1,3,K,K,correct
41,2,0,R,R,correct
41,2,1,P,P,correct
41,2,2,H,H,correct
41,2,3,N,N,correct
41,3,0,F,F,correct
41,3,1,J,J,correct
41,3,2,L,L,correct
41,3,3,O,O,correct
41,4,0,N,N,correct
41,4,1,I,I,correct
41,4,2,F,F,correct
41,4,3,U,U,correct
41,4,4,N,N,correct
41,4,5,I,I,correct
41,4,6,Q,Q,correct
41,4,7,U,U,correct
41,4,8,E,E,correct
41,5,0,E,E,correct
41,5,1,I,I,correct
41,6,0,G,G,correct
41,6,1,I,I,correct
41,6,2,N,N,correct
41,6,3,O,O,correct
41,7,0,G,G,correct
41,7,1,H,H,correct
41,7,2,M,M,correct
41,8,0,E,E,correct
41,8,1,K,K,correct
41,8,2,P,P,correct
41,9,0,E,E,correct
41,9,1,I,I,correct
41,9,2,L,L,correct
41,9,3,O,D,substitution
41,9,4,R,R,correct
41,9,5,U,U,correct
41,10,0,I,I,correct
41,10,1,E,E,correct
41,10,2,H,H,correct
41,10,3,L,L,correct
41,10,4,L,L,correct
41,10,5,O,O,correct
41,11,0,J,J,correct
41,11,1,I,I,correct
41,11,2,F,F,correct
41,11,3,M,M,correct
42,0,0,H,H,correct
42,0,1,I,I,correct
42,1,0,K,K,correct
42,1,1,J,J,correct
42,1,2,I,I,correct
42,1,3,M,M,correct
42,2,0,T,T,correct
42,2,1,R,R,correct
42,2,2,J,J,correct
42,2,3,P,P,correct
42,3,0,H,H,correct
42,3,1,L,L,correct
42,3,2,N,N,correct
42,3,3,Q,Q,correct
42,4,0,H,H,correct
42,4,1,K,K,correct
42,4,2,G,G,correct
42,4,3,G,G,correct
42,4,4,O,O,correct
42,4,5,K,K,correct
42,4,6,S,S,correct
42,4,7,W,W,correct
42,4,8,G,G,correct
42,5,0,H,H,correct
42,5,1,J,J,correct
42,6,0,I,I,correct
42,6,1,K,K,correct
42,6,2,P,P,correct
42,6,3,Q,Q,correct
42,7,0,I,I,correct
42,7,1,J,J,correct
42,7,2,O,O,correct
42,8,0,G,G,correct
42,8,1,M,M,correct
42,8,2,R,R,correct
42,9,0,G,G,correct
42,9,1,K,K,correct
42,9,2,N,N,correct
42,9,3,Q,Q,correct
42,9,4,T,T,correct
42,9,5,W,W,correct
42,10,0,K,K,correct
42,10,1,I,I,correct
42,10,2,G,G,correct
42,10,3,L,L,correct
42,10,4,L,L,correct
42,10,5,Q,Q,correct
42,11,0,L,L,correct
42,11,1,K,K,correct
42,11,2,H,H,correct
42,11,3,O,O,correct
43,0,0,D,D,correct
43,0,1,E,E,correct
43,1,0,G,G,correct
43,1,1,H,H,correct
43,1,2,?,?,correct
43,1,3,?,?,correct
43,2,0,R,R,correct
43,2,1,P,P,correct
43,2,2,H,H,correct
43,2,3,N,N,correct
43,3,0,E,E,correct
43,3,1,J,J,correct
43,3,2,M,M,correct
43,3,3,Q,Q,correct
43,4,0,N,N,correct
43,4,1,I,I,correct
43,4,2,?,?,correct
43,4,3,?,?,correct
43,4,4,?,?,correct
43,4,5,?,?,correct
43,4,6,?,?,correct
43,4,7,?,?,correct
43,4,8,?,?,correct
43,5,0,M,M,correct
43,5,1,I,I,correct
43,6,0,G,G,correct
43,6,1,H,H,correct
43,6,2,M,M,correct
43,6,3,O,O,correct
43,7,0,E,E,correct
43,7,1,I,I,correct
43,7,2,M,M,correct
43,8,0,E,E,correct
43,8,1,K,K,correct
43,8,2,P,P,correct
43,9,0,H,H,correct
43,9,1,K,K,correct
43,9,2,N,N,correct
43,9,3,O,O,correct
43,9,4,R,R,correct
43,9,5,U,U,correct
43,10,0,L,L,correct
43,10,1,E,E,correct
43,10,2,E,E,correct
43,10,3,E,E,correct
43,10,4,O,O,correct
43,10,5,O,O,correct
43,11,0,F,F,correct
43,11,1,J,J,correct
43,11,2,?,?,correct
43,11,3,?,?,correct
44,0,0,H,H,correct
44,0,1,I,I,correct
44,1,0,O,O,correct
44,1,1,H,H,correct
44,1,2,G,A,substitution
44,1,3,N,N,correct
44,2,0,R,R,correct
44,2,1,P,P,correct
44,2,2,H,H,correct
44,2,3,N,N,correct
44,3,0,E,E,correct
44,3,1,J,J,correct
44,3,2,N,N,correct
44,3,3,P,P,correct
44,4,0,I,I,correct
44,4,1,E,P,substitution
44,4,2,P,P,correct
44,4,3,U,U,correct
44,4,4,I,I,correct
44,4,5,N,N,correct
44,4,6,T,T,correct
44,4,7,T,T,correct
44,4,8,E,E,correct
44,5,0,F,F,correct
44,5,1,H,H,correct
44,6,0,G,G,correct
44,6,1,I,I,correct
44,6,2,N,N,correct
44,6,3,O,O,correct
44,7,0,E,E,correct
44,7,1,I,I,correct
44,7,2,R,R,correct
44,8,0,E,E,correct
44,8,1,K,K,correct
44,8,2,P,P,correct
44,9,0,E,E,correct
44,9,1,J,J,correct
44,9,2,N,N,correct
44,9,3,O,O,correct
44,9,4,R,R,correct
44,9,5,U,U,correct
44,10,0,H,H,correct
44,10,1,F,F,correct
44,10,2,L,L,correct
44,10,3,L,L,correct
44,10,4,L,L,correct
44,10,5,O,O,correct
44,11,0,M,M,correct
44,11,1,M,M,correct
44,11,2,F,F,correct
44,11,3,M,M,correct
45,0,0,H,H,correct
45,0,1,I,I,correct
45,1,0,K,K,correct
45,1,1,J,J,correct
45,1,2,I,I,correct
45,1,3,M,M,correct
45,2,0,T,T,correct
45,2,1,R,R,correct
45,2,2,J,Y,substitution
45,2,3,P,P,correct
45,3,0,H,H,correct
45,3,1,L,L,correct
45,3,2,N,N,correct
45,3,3,S,S,correct
45,4,0,H,H,correct
45,4,1,K,K,correct
45,4,2,G,G,correct
45,4,3,G,G,correct
45,4,4,O,O,correct
45,4,5,K,K,correct
45,4,6,S,S,correct
45,4,7,W,W,correct
45,4,8,G,G,correct
45,5,0,H,H,correct
45,5,1,J,J,correct
45,6,0,I,I,correct
45,6,1,K,K,correct
45,6,2,P,P,correct
45,6,3,Q,Q,correct
45,7,0,G,G,correct
45,7,1,K,K,correct
45,7,2,T,T,correct
45,8,0,G,G,correct
45,8,1,M,M,correct
45,8,2,R,R,correct
45,9,0,G,G,correct
45,9,1,K,K,correct
45,9,2,N,N,correct
45,9,3,Q,Q,correct
45,9,4,T,T,correct
45,9,5,S,S,correct
45,10,0,K,K,correct
45,10,1,G,G,correct
45,10,2,I,I,correct
45,10,3,N,N,correct
45,10,4,N,N,correct
45,10,5,Q,Q,correct
45,11,0,L,L,correct
45,11,1,K,K,correct
45,11,2,H,H,correct
45,11,3,O,O,correct
46,0,0,H,H,correct
46,0,1,I,I,correct
46,1,0,K,K,correct
46,1,1,J,J,correct
46,1,2,I,I,correct
46,1,3,M,M,correct
46,2,0,T,T,correct
46,2,1,R,R,correct
46,2,2,J,J,correct
46,2,3,P,P,correct
46,3,0,H,H,correct
46,3,1,K,K,correct
46,3,2,N,N,correct
46,3,3,Q,Q,correct
46,4,0,G,G,correct
46,4,1,K,K,correct
46,4,2,R,R,correct
46,4,3,G,G,correct
46,4,4,G,G,correct
46,4,5,K,K,correct
46,4,6,U,U,correct
46,4,7,W,W,correct
46,4,8,G,G,correct
46,5,0,H,H,correct
46,5,1,J,J,correct
46,6,0,I,I,correct
46,6,1,K,K,correct
46,6,2,P,P,correct
46,6,3,Q,Q,correct
46,7,0,G,G,correct
46,7,1,K,K,correct
46,7,2,R,R,correct
46,8,0,G,G,correct
46,8,1,M,M,correct
46,8,2,R,R,correct
46,9,0,J,J,correct
46,9,1,K,K,correct
46,9,2,N,N,correct
46,9,3,Q,Q,correct
46,9,4,T,T,correct
46,9,5,W,W,correct
46,10,0,K,K,correct
46,10,1,I,I,correct
46,10,2,G,G,correct
46,10,3,N,N,correct
46,10,4,Q,Q,correct
46,10,5,Q,Q,correct
46,11,0,L,L,correct
46,11,1,K,K,correct
46,11,2,H,H,correct
46,11,3,O,O,correct
47,0,0,H,H,correct
47,0,1,I,I,correct
47,1,0,I,I,correct
47,1,1,H,H,correct
47,1,2,G,G,correct
47,1,3,K,K,correct
47,2,0,R,R,correct
47,2,1,P,P,correct
47,2,2,H,H,correct
47,2,3,N,N,correct
47,3,0,F,F,correct
47,3,1,J,J,correct
47,3,2,M,M,correct
47,3,3,O,O,correct
47,4,0,M,M,correct
47,4,1,I,I,correct
47,4,2,P,P,correct
47,4,3,U,U,correct
47,4,4,N,N,correct
47,4,5,I,I,correct
47,4,6,F,F,correct
47,4,7,E,E,correct
47,4,8,E,E,correct
47,5,0,E,E,correct
47,5,1,H,H,correct
47,6,0,G,G,correct
47,6,1,I,I,correct
47,6,2,N,N,correct
47,6,3,S,S,correct
47,7,0,E,E,correct
47,7,1,I,I,correct
47,7,2,R,R,correct
47,8,0,E,E,correct
47,8,1,K,K,correct
47,8,2,P,P,correct
47,9,0,E,A,substitution
47,9,1,J,J,correct
47,9,2,L,?,substitution
47,9,3,S,S,correct
47,9,4,R,R,correct
47,9,5,V,V,correct
47,10,0,H,H,correct
47,10,1,E,E,correct
47,10,2,G,G,correct
47,10,3,L,L,correct
47,10,4,L,L,correct
47,10,5,O,O,correct
47,11,0,H,H,correct
47,11,1,M,M,correct
47,11,2,E,E,correct
47,11,3,M,M,correct
48,0,0,H,H,correct
48,0,1,I,I,correct
48,1,0,I,I,correct
48,1,1,H,H,correct
48,1,2,G,G,correct
48,1,3,K,K,correct
48,2,0,H,H,correct
48,2,1,N,N,correct
48,2,2,E,E,correct
48,2,3,E,E,correct
48,3,0,E,E,correct
48,3,1,J,J,correct
48,3,2,L,L,correct
48,3,3,O,O,correct
48,4,0,F,F,correct
48,4,1,I,I,correct
48,4,2,P,P,correct
48,4,3,E,E,correct
48,4,4,I,I,correct
48,4,5,N,N,correct
48,4,6,Q,Q,correct
48,4,7,U,U,correct
48,4,8,F,F,correct
48,5,0,F,F,correct
48,5,1,H,H,correct
48,6,0,G,G,correct
48,6,1,J,J,correct
48,6,2,N,N,correct
48,6,3,O,O,correct
48,7,0,E,E,correct
48,7,1,I,I,correct
48,7,2,R,R,correct
48,8,0,E,E,correct
48,8,1,K,K,correct
48,8,2,P,P,correct
48,9,0,G,A,substitution
48,9,1,D,D,correct
48,9,2,T,T,correct
48,9,3,?,?,correct
48,9,4,?,?,correct
48,9,5,?,?,correct
48,10,0,I,G,substitution
48,10,1,E,G,substitution
48,10,2,L,L,correct
48,10,3,L,L,correct
48,10,4,L,L,correct
48,10,5,O,O,correct
48,11,0,J,J,correct
48,11,1,I,I,correct
48,11,2,E,E,correct
48,11,3,J,J,correct
49,0,0,H,H,correct
49,0,1,I,I,correct
49,1,0,C,C,correct
49,1,1,D,D,correct
49,1,2,C,C,correct
49,1,3,D,D,correct
49,2,0,N,?,substitution
49,2,1,L,L,correct
49,2,2,D,D,correct
49,2,3,J,J,correct
49,3,0,B,B,correct
49,3,1,F,F,correct
49,3,2,H,H,correct
49,3,3,K,K,correct
49,4,0,J,J,correct
49,4,1,E,E,correct
49,4,2,L,L,correct
49,4,3,A,A,correct
49,4,4,J,J,correct
49,4,5,E,E,correct
49,4,6,P,P,correct
49,4,7,A,A,correct
49,4,8,A,A,correct
49,5,0,B,B,correct
49,5,1,E,E,correct
49,6,0,C,C,correct
49,6,1,E,E,correct
49,6,2,J,J,correct
49,6,3,K,K,correct
49,7,0,A,A,correct
49,7,1,E,E,correct
49,7,2,L,L,correct
49,8,0,A,A,correct
49,8,1,G,G,correct
49,8,2,L,L,correct
49,9,0,A,A,correct
49,9,1,E,E,correct
49,9,2,H,H,correct
49,9,3,K,K,correct
49,9,4,N,N,correct
49,9,5,Q,Q,correct
49,10,0,E,E,correct
49,10,1,A,A,correct
49,10,2,C,C,correct
49,10,3,H,H,correct
49,10,4,H,H,correct
49,10,5,K,K,correct
49,11,0,D,D,correct
49,11,1,E,E,correct
49,11,2,B,B,correct
49,11,3,E,E,correct
50,0,0,H,H,correct
50,0,1,I,I,correct
50,1,0,E,E,correct
50,1,1,D,D,correct
50,1,2,C,C,correct
50,1,3,G,G,correct
50,2,0,N,N,correct
50,2,1,L,L,correct
50,2,2,D,D,correct
50,2,3,J,J,correct
50,3,0,B,B,correct
50,3,1,F,F,correct
50,3,2,H,H,correct
50,3,3,K,K,correct
50,4,0,B,B,correct
50,4,1,E,E,correct
50,4,2,O,O,correct
50,4,3,Q,Q,correct
50,4,4,I,I,correct
50,4,5,E,E,correct
50,4,6,M,M,correct
50,4,7,Q,Q,correct
50,4,8,A,A,correct
50,5,0,B,B,correct
50,5,1,D,D,correct
50,6,0,C,C,correct
50,6,1,E,E,correct
50,6,2,J,J,correct
50,6,3,K,K,correct
50,7,0,C,C,correct
50,7,1,D,D,correct
50,7,2,I,I,correct
50,8,0,A,A,correct
50,8,1,G,G,correct
50,8,2,L,L,correct
50,9,0,A,A,correct
50,9,1,E,E,correct
50,9,2,H,H,correct
50,9,3,K,K,correct
50,9,4,N,N,correct
50,9,5,Q,Q,correct
50,10,0,E,E,correct
50,10,1,A,A,correct
50,10,2,C,C,correct
50,10,3,H,H,correct
50,10,4,H,H,correct
50,10,5,K,K,correct
50,11,0,F,F,correct
50,11,1,E,E,correct
50,11,2,B,B,correct
50,11,3,I,I,correct
51,0,0,H,H,correct
51,0,1,I,I,correct
51,1,0,I,I,correct
51,1,1,H,H,correct
51,1,2,G,G,correct
51,1,3,K,K,correct
51,2,0,R,R,correct
51,2,1,P,P,correct
51,2,2,H,H,correct
51,2,3,N,N,correct
51,3,0,E,E,correct
51,3,1,J,J,correct
51,3,2,L,L,correct
51,3,3,O,O,correct
51,4,0,M,M,correct
51,4,1,I,I,correct
51,4,2,S,S,correct
51,4,3,U,U,correct
51,4,4,M,M,correct
51,4,5,I,I,correct
51,4,6,S,S,correct
51,4,7,U,U,correct
51,4,8,E,E,correct
51,5,0,F,F,correct
51,5,1,H,H,correct
51,6,0,G,G,correct
51,6,1,H,H,correct
51,6,2,N,N,correct
51,6,3,O,O,correct
51,7,0,G,G,correct
51,7,1,H,H,correct
51,7,2,M,M,correct
51,8,0,E,E,correct
51,8,1,K,K,correct
51,8,2,P,P,correct
51,9,0,E,G,substitution
51,9,1,I,I,correct
51,9,2,L,L,correct
51,9,3,O,O,correct
51,9,4,R,R,correct
51,9,5,U,U,correct
51,10,0,I,I,correct
51,10,1,E,E,correct
51,10,2,L,L,correct
51,10,3,L,L,correct
51,10,4,L,L,correct
51,10,5,O,O,correct
51,11,0,J,J,correct
51,11,1,I,I,correct
51,11,2,F,F,correct
51,11,3,M,M,correct
52,0,0,H,H,correct
52,0,1,J,J,correct
52,0,2,D,D,correct
52,0,3,F,F,correct
52,1,0,M,M,correct
52,1,1,A,A,correct
52,1,2,I,I,correct
52,1,3,K,K,correct
52,2,0,A,A,correct
52,2,1,C,C,correct
52,2,2,H,H,correct
52,2,3,M,M,correct
52,2,4,P,P,correct
52,2,5,T,T,correct
52,3,0,I,I,correct
52,3,1,O,O,correct
52,3,2,T,T,correct
52,3,3,F,F,correct
52,3,4,L,L,correct
52,3,5,M,M,correct
52,3,6,P,P,correct
52,3,7,O,O,correct
52,4,0,L,L,correct
52,4,1,H,H,correct
52,4,2,I,I,correct
52,5,0,D,D,correct
52,5,1,J,J,correct
52,6,0,J,J,correct
52,6,1,G,G,correct
52,7,0,E,E,correct
52,7,1,D,D,correct
52,8,0,E,E,correct
52,8,1,G,G,correct
52,8,2,N,N,correct
52,8,3,S,S,correct
52,8,4,K,K,correct
52,8,5,I,I,correct
52,9,0,H,H,correct
52,9,1,D,D,correct
52,9,2,O,O,correct
52,9,3,B,B,correct
52,9,4,M,M,correct
52,9,5,M,M,correct
52,10,0,S,S,correct
52,10,1,A,A,correct
52,10,2,F,F,correct
52,10,3,H,H,correct
52,10,4,I,I,correct
52,10,5,J,J,correct
52,10,6,N,N,correct
52,11,0,B,B,correct
52,11,1,G,G,correct
52,12,0,A,A,correct
52,12,1,F,I,substitution
53,0,0,M,M,correct
53,0,1,O,O,correct
53,0,2,I,I,correct
53,0,3,J,J,correct
53,1,0,R,R,correct
53,1,1,F,F,correct
53,1,2,M,M,correct
53,1,3,P,P,correct
53,2,0,Z,Z,correct
53,2,1,G,G,correct
53,2,2,P,P,correct
53,2,3,T,T,correct
53,2,4,V,V,correct
53,2,5,Y,Y,correct
53,3,0,N,N,correct
53,3,1,Y,Y,correct
53,3,2,T,T,correct
53,3,3,K,K,correct
53,3,4,Q,Q,correct
53,3,5,R,R,correct
53,3,6,T,T,correct
53,3,7,V,V,correct
53,4,0,J,J,correct
53,4,1,M,M,correct
53,4,2,N,N,correct
53,5,0,G,K,substitution
53,5,1,R,R,correct
53,6,0,G,?,substitution
53,6,1,J,?,substitution
53,7,0,J,J,correct
53,7,1,I,I,correct
53,8,0,G,G,correct
53,8,1,I,I,correct
53,8,2,K,K,correct
53,8,3,W,W,correct
53,8,4,W,W,correct
53,8,5,T,T,correct
53,9,0,V,V,correct
53,9,1,I,I,correct
53,9,2,T,T,correct
53,9,3,J,J,correct
53,9,4,P,P,correct
53,9,5,N,N,correct
53,10,0,X,X,correct
53,10,1,F,F,correct
53,10,2,K,K,correct
53,10,3,M,M,correct
53,10,4,N,N,correct
53,10,5,R,R,correct
53,10,6,S,S,correct
53,11,0,G,G,correct
53,11,1,L,L,correct
53,12,0,F,F,correct
53,12,1,L,L,correct
54,0,0,C,C,correct
54,0,1,N,N,correct
54,0,2,H,H,correct
54,0,3,I,I,correct
54,1,0,R,R,correct
54,1,1,E,E,correct
54,1,2,B,M,substitution
54,1,3,O,O,correct
54,2,0,Y,Y,correct
54,2,1,G,G,correct
54,2,2,S,S,correct
54,2,3,Q,Q,correct
54,2,4,W,W,correct
54,2,5,S,S,correct
54,3,0,M,U,substitution
54,3,1,X,X,correct
54,3,2,S,S,correct
54,3,3,J,Y,substitution
54,3,4,C,C,correct
54,3,5,Q,Q,correct
54,3,6,S,S,correct
54,3,7,T,T,correct
54,4,0,I,I,correct
54,4,1,L,L,correct
54,4,2,M,M,correct
54,5,0,F,F,correct
54,5,1,Q,Q,correct
54,6,0,H,H,correct
54,6,1,L,L,correct
54,7,0,I,I,correct
54,7,1,H,H,correct
54,8,0,E,E,correct
54,8,1,C,C,correct
54,8,2,J,F,substitution
54,8,3,Q,Q,correct
54,8,4,V,U,substitution
54,8,5,W,W,correct
54,9,0,L,Z,substitution
54,9,1,M,U,substitution
54,9,2,N,V,substitution
54,9,3,J,J,correct
54,9,4,Q,Q,correct
54,9,5,O,O,correct
54,10,0,W,W,correct
54,10,1,E,E,correct
54,10,2,I,I,correct
54,10,3,L,L,correct
54,10,4,M,M,correct
54,10,5,Q,Q,correct
54,10,6,U,U,correct
54,11,0,F,F,correct
54,11,1,K,K,correct
54,12,0,E,E,correct
54,12,1,J,J,correct
55,0,0,J,J,correct
55,0,1,M,M,correct
55,0,2,F,F,correct
55,0,3,M,M,correct
55,1,0,K,K,correct
55,1,1,H,H,correct
55,1,2,J,J,correct
55,1,3,M,M,correct
55,2,0,C,C,correct
55,2,1,D,D,correct
55,2,2,M,M,correct
55,2,3,Q,Q,correct
55,2,4,S,S,correct
55,2,5,V,V,correct
55,3,0,K,K,correct
55,3,1,V,V,correct
55,3,2,Q,Q,correct
55,3,3,H,H,correct
55,3,4,N,N,correct
55,3,5,O,O,correct
55,3,6,Q,Q,correct
55,3,7,S,S,correct
55,4,0,G,G,correct
55,4,1,J,J,correct
55,4,2,K,K,correct
55,5,0,D,D,correct
55,5,1,O,O,correct
55,6,0,D,D,correct
55,6,1,G,G,correct
55,7,0,G,G,correct
55,7,1,F,F,correct
55,8,0,G,G,correct
55,8,1,F,F,correct
55,8,2,H,H,correct
55,8,3,M,M,correct
55,8,4,T,T,correct
55,8,5,Q,Q,correct
55,9,0,S,S,correct
55,9,1,F,F,correct
55,9,2,Q,Q,correct
55,9,3,G,G,correct
55,9,4,M,M,correct
55,9,5,K,K,correct
55,10,0,U,U,correct
55,10,1,C,C,correct
55,10,2,H,H,correct
55,10,3,J,J,correct
55,10,4,M,M,correct
55,10,5,O,O,correct
55,10,6,Q,Q,correct
55,11,0,D,D,correct
55,11,1,I,I,correct
55,12,0,I,I,correct
55,12,1,H,H,correct
56,0,0,J,J,correct
56,0,1,L,L,correct
56,0,2,F,F,correct
56,0,3,G,A,substitution
56,1,0,K,K,correct
56,1,1,C,C,correct
56,1,2,K,H,substitution
56,1,3,M,M,correct
56,2,0,C,C,correct
56,2,1,D,D,correct
56,2,2,P,P,correct
56,2,3,C,C,correct
56,2,4,D,D,correct
56,2,5,V,V,correct
56,3,0,K,U,substitution
56,3,1,V,V,correct
56,3,2,Q,Q,correct
56,3,3,H,H,correct
56,3,4,N,N,correct
56,3,5,O,O,correct
56,3,6,Q,Q,correct
56,3,7,S,S,correct
56,4,0,H,H,correct
56,4,1,L,L,correct
56,4,2,M,M,correct
56,5,0,D,D,correct
56,5,1,O,O,correct
56,6,0,C,C,correct
56,6,1,I,I,correct
56,7,0,G,G,correct
56,7,1,F,F,correct
56,8,0,G,G,correct
56,8,1,E,E,correct
56,8,2,H,H,correct
56,8,3,M,M,correct
56,8,4,T,T,correct
56,8,5,U,U,correct
56,9,0,S,S,correct
56,9,1,F,F,correct
56,9,2,Q,Q,correct
56,9,3,G,G,correct
56,9,4,M,M,correct
56,9,5,K,U,substitution
56,10,0,U,U,correct
56,10,1,C,C,correct
56,10,2,H,H,correct
56,10,3,J,J,correct
56,10,4,K,U,substitution
56,10,5,L,L,correct
56,10,6,P,P,correct
56,11,0,D,D,correct
56,11,1,J,J,correct
56,12,0,F,F,correct
56,12,1,J,J,correct
57,0,0,L,L,correct
57,0,1,N,N,correct
57,0,2,H,H,correct
57,0,3,I,I,correct
57,1,0,Q,L,substitution
57,1,1,E,E,correct
57,1,2,M,M,correct
57,1,3,O,O,correct
57,2,0,Y,Y,correct
57,2,1,F,F,correct
57,2,2,O,O,correct
57,2,3,S,S,correct
57,2,4,U,U,correct
57,2,5,X,X,correct
57,3,0,M,M,correct
57,3,1,X,X,correct
57,3,2,S,S,correct
57,3,3,J,J,correct
57,3,4,P,P,correct
57,3,5,Q,Q,correct
57,3,6,S,S,correct
57,3,7,U,U,correct
57,4,0,I,I,correct
57,4,1,L,L,correct
57,4,2,M,M,correct
57,5,0,K,K,correct
57,5,1,Q,Q,correct
57,6,0,Q,Q,correct
57,6,1,K,K,correct
57,7,0,I,I,correct
57,7,1,H,H,correct
57,8,0,I,I,correct
57,8,1,H,H,correct
57,8,2,J,J,correct
57,8,3,O,O,correct
57,8,4,V,V,correct
57,8,5,S,S,correct
57,9,0,U,U,correct
57,9,1,H,H,correct
57,9,2,S,S,correct
57,9,3,I,I,correct
57,9,4,O,O,correct
57,9,5,M,M,correct
57,10,0,W,W,correct
57,10,1,E,E,correct
57,10,2,J,J,correct
57,10,3,L,L,correct
57,10,4,M,M,correct
57,10,5,Q,Q,correct
57,10,6,R,R,correct
57,11,0,G,G,correct
57,11,1,K,K,correct
57,12,0,F,K,substitution
57,12,1,K,K,correct
58,0,0,J,J,correct
58,0,1,L,L,correct
58,0,2,F,F,correct
58,0,3,G,G,correct
58,1,0,O,O,correct
58,1,1,C,C,correct
58,1,2,K,K,correct
58,1,3,M,M,correct
58,2,0,W,W,correct
58,2,1,I,I,correct
58,2,2,M,M,correct
58,2,3,Q,Q,correct
58,2,4,S,S,correct
58,2,5,V,V,correct
58,3,0,K,K,correct
58,3,1,V,V,correct
58,3,2,Q,Q,correct
58,3,3,H,H,correct
58,3,4,N,N,correct
58,3,5,O,O,correct
58,3,6,Q,Q,correct
58,3,7,S,S,correct
58,4,0,G,G,correct
58,4,1,J,J,correct
58,4,2,K,K,correct
58,5,0,D,D,correct
58,5,1,O,O,correct
58,6,0,D,D,correct
58,6,1,G,G,correct
58,7,0,G,G,correct
58,7,1,F,F,correct
58,8,0,G,G,correct
58,8,1,F,F,correct
58,8,2,H,H,correct
58,8,3,M,M,correct
58,8,4,T,T,correct
58,8,5,Q,Q,correct
58,9,0,S,S,correct
58,9,1,F,F,correct
58,9,2,Q,Q,correct
58,9,3,G,G,correct
58,9,4,M,M,correct
58,9,5,K,K,correct
58,10,0,U,U,correct
58,10,1,C,C,correct
58,10,2,H,H,correct
58,10,3,J,J,correct
58,10,4,K,K,correct
58,10,5,O,O,correct
58,10,6,P,P,correct
58,11,0,F,F,correct
58,11,1,G,G,correct
58,12,0,C,C,correct
58,12,1,H,H,correct
59,0,0,J,J,correct
59,0,1,L,L,correct
59,0,2,F,F,correct
59,0,3,G,G,correct
59,1,0,O,O,correct
59,1,1,C,C,correct
59,1,2,J,I,substitution
59,1,3,M,M,correct
59,2,0,U,U,correct
59,2,1,D,D,correct
59,2,2,M,M,correct
59,2,3,C,C,correct
59,2,4,S,S,correct
59,2,5,V,V,correct
59,3,0,K,K,correct
59,3,1,V,V,correct
59,3,2,Q,Q,correct
59,3,3,H,H,correct
59,3,4,I,I,correct
59,3,5,L,L,correct
59,3,6,Q,Q,correct
59,3,7,S,S,correct
59,4,0,G,G,correct
59,4,1,J,J,correct
59,4,2,K,K,correct
59,5,0,D,D,correct
59,5,1,O,Q,substitution
59,6,0,D,D,correct
59,6,1,G,G,correct
59,7,0,G,G,correct
59,7,1,F,F,correct
59,8,0,G,G,correct
59,8,1,I,I,correct
59,8,2,F,F,correct
59,8,3,M,M,correct
59,8,4,O,O,correct
59,8,5,Q,Q,correct
59,9,0,S,S,correct
59,9,1,F,F,correct
59,9,2,Q,Q,correct
59,9,3,G,G,correct
59,9,4,M,M,correct
59,9,5,K,K,correct
59,10,0,U,U,correct
59,10,1,C,C,correct
59,10,2,H,H,correct
59,10,3,J,S,substitution
59,10,4,K,K,correct
59,10,5,O,O,correct
59,10,6,P,P,correct
59,11,0,D,D,correct
59,11,1,G,G,correct
59,12,0,D,D,correct
59,12,1,I,I,correct
60,0,0,M,M,correct
60,0,1,O,O,correct
60,0,2,I,I,correct
60,0,3,J,J,correct
60,1,0,R,R,correct
60,1,1,F,F,correct
60,1,2,N,N,correct
60,1,3,P,P,correct
60,2,0,F,F,correct
60,2,1,I,I,correct
60,2,2,G,G,correct
60,2,3,T,T,correct
60,2,4,V,V,correct
60,2,5,Y,Y,correct
60,3,0,N,N,correct
60,3,1,Y,Y,correct
60,3,2,T,T,correct
60,3,3,K,K,correct
60,3,4,Q,Q,correct
60,3,5,R,R,correct
60,3,6,J,J,correct
60,3,7,T,T,correct
60,4,0,I,I,correct
60,4,1,M,M,correct
60,4,2,N,N,correct
60,5,0,G,G,correct
60,5,1,R,R,correct
60,6,0,G,G,correct
60,6,1,J,J,correct
60,7,0,J,J,correct
60,7,1,I,I,correct
60,8,0,J,J,correct
60,8,1,I,I,correct
60,8,2,K,K,correct
60,8,3,P,P,correct
60,8,4,W,W,correct
60,8,5,T,T,correct
60,9,0,V,V,correct
60,9,1,I,I,correct
60,9,2,T,T,correct
60,9,3,J,J,correct
60,9,4,P,P,correct
60,9,5,N,N,correct
60,10,0,X,X,correct
60,10,1,F,F,correct
60,10,2,K,K,correct
60,10,3,M,M,correct
60,10,4,N,N,correct
60,10,5,R,R,correct
60,10,6,S,S,correct
60,11,0,G,G,correct
60,11,1,J,J,correct
60,12,0,G,G,correct
60,12,1,L,L,correct
61,0,0,L,L,correct
61,0,1,N,N,correct
61,0,2,H,H,correct
61,0,3,I,I,correct
61,1,0,Q,Q,correct
61,1,1,E,E,correct
61,1,2,M,M,correct
61,1,3,O,O,correct
61,2,0,Y,Y,correct
61,2,1,J,J,correct
61,2,2,O,O,correct
61,2,3,S,S,correct
61,2,4,U,U,correct
61,2,5,X,X,correct
61,3,0,M,M,correct
61,3,1,X,X,correct
61,3,2,U,U,correct
61,3,3,J,J,correct
61,3,4,P,P,correct
61,3,5,Q,Q,correct
61,3,6,S,S,correct
61,3,7,U,U,correct
61,4,0,I,I,correct
61,4,1,L,L,correct
61,4,2,M,M,correct
61,5,0,F,F,correct
61,5,1,Q,Q,correct
61,6,0,F,F,correct
61,6,1,I,I,correct
61,7,0,I,I,correct
61,7,1,H,H,correct
61,8,0,I,I,correct
61,8,1,H,H,correct
61,8,2,J,J,correct
61,8,3,O,O,correct
61,8,4,V,V,correct
61,8,5,S,S,correct
61,9,0,U,U,correct
61,9,1,H,H,correct
61,9,2,S,S,correct
61,9,3,I,I,correct
61,9,4,O,O,correct
61,9,5,M,M,correct
61,10,0,W,W,correct
61,10,1,E,E,correct
61,10,2,J,J,correct
61,10,3,L,L,correct
61,10,4,M,M,correct
61,10,5,Q,Q,correct
61,10,6,R,R,correct
61,11,0,F,F,correct
61,11,1,I,I,correct
61,12,0,F,F,correct
61,12,1,J,J,correct
