dataset_id,page_idx,gt_tokens,pred_tokens,correct,substitutions,deletions,insertions,accuracy
1,0,2,2,2,0,0,0,1.000000
1,1,4,4,4,0,0,0,1.000000
1,2,4,4,4,0,0,0,1.000000
1,3,4,4,4,0,0,0,1.000000
1,4,9,9,9,0,0,0,1.000000
1,5,2,2,2,0,0,0,1.000000
1,6,4,4,4,0,0,0,1.000000
1,7,3,3,0,3,0,0,0.000000
1,8,3,3,3,0,0,0,1.000000
1,9,6,6,6,0,0,0,1.000000
1,10,6,6,6,0,0,0,1.000000
1,11,4,4,4,0,0,0,1.000000
2,0,2,2,2,0,0,0,1.000000
2,1,4,4,4,0,0,0,1.000000
2,2,4,4,4,0,0,0,1.000000
2,3,4,4,4,0,0,0,1.000000
2,4,9,9,9,0,0,0,1.000000
2,5,2,2,2,0,0,0,1.000000
2,6,4,4,3,1,0,0,0.750000
2,7,3,3,3,0,0,0,1.000000
2,8,3,3,3,0,0,0,1.000000
2,9,6,6,6,0,0,0,1.000000
2,10,6,6,6,0,0,0,1.000000
2,11,4,4,4,0,0,0,1.000000
3,0,2,2,2,0,0,0,1.000000
3,1,4,4,4,0,0,0,1.000000
3,2,4,4,4,0,0,0,1.000000
3,3,4,4,4,0,0,0,1.000000
3,4,9,9,9,0,0,0,1.000000
3,5,2,2,2,0,0,0,1.000000
3,6,4,4,4,0,0,0,1.000000
3,7,3,3,3,0,0,0,1.000000
3,8,3,3,3,0,0,0,1.000000
3,9,6,6,6,0,0,0,1.000000
3,10,6,6,6,0,0,0,1.000000
3,11,4,4,4,0,0,0,1.000000
4,0,2,2,2,0,0,0,1.000000
4,1,4,4,4,0,0,0,1.000000
4,2,4,4,4,0,0,0,1.000000
4,3,4,4,4,0,0,0,1.000000
4,4,9,9,8,1,0,0,0.888889
4,5,2,2,1,1,0,0,0.500000
4,6,4,4,4,0,0,0,1.000000
4,7,3,3,3,0,0,0,1.000000
4,8,3,3,3,0,0,0,1.000000
4,9,6,6,6,0,0,0,1.000000
4,10,6,6,6,0,0,0,1.000000
4,11,4,4,4,0,0,0,1.000000
5,0,2,2,2,0,0,0,1.000000
5,1,4,4,4,0,0,0,1.000000
5,2,4,4,4,0,0,0,1.000000
5,3,4,4,4,0,0,0,1.000000
5,4,9,9,9,0,0,0,1.000000
5,5,2,2,2,0,0,0,1.000000
5,6,4,4,4,0,0,0,1.000000
5,7,3,3,3,0,0,0,1.000000
5,8,3,3,3,0,0,0,1.000000
5,9,6,6,6,0,0,0,1.000000
5,10,6,6,6,0,0,0,1.000000
5,11,4,4,4,0,0,0,1.000000
6,0,2,2,2,0,0,0,1.000000
6,1,4,4,4,0,0,0,1.000000
6,2,4,4,4,0,0,0,1.000000
6,3,4,4,4,0,0,0,1.000000
6,4,9,9,9,0,0,0,1.000000
6,5,2,2,2,0,0,0,1.000000
6,6,4,4,4,0,0,0,1.000000
6,7,3,3,3,0,0,0,1.000000
6,8,3,3,3,0,0,0,1.000000
6,9,6,6,6,0,0,0,1.000000
6,10,6,6,6,0,0,0,1.000000
6,11,4,4,4,0,0,0,1.000000
7,0,2,2,2,0,0,0,1.000000
7,1,4,4,4,0,0,0,1.000000
7,2,4,4,4,0,0,0,1.000000
7,3,4,4,4,0,0,0,1.000000
7,4,9,9,9,0,0,0,1.000000
7,5,2,2,2,0,0,0,1.000000
7,6,4,4,4,0,0,0,1.000000
7,7,3,3,3,0,0,0,1.000000
7,8,3,3,3,0,0,0,1.000000
7,9,6,6,6,0,0,0,1.000000
7,10,6,6,6,0,0,0,1.000000
7,11,4,4,4,0,0,0,1.000000
8,0,2,2,2,0,0,0,1.000000
8,1,4,4,4,0,0,0,1.000000
8,2,4,4,4,0,0,0,1.000000
8,3,4,4,4,0,0,0,1.000000
8,4,9,9,9,0,0,0,1.000000
8,5,2,2,2,0,0,0,1.000000
8,6,4,4,4,0,0,0,1.000000
8,7,3,3,1,2,0,0,0.333333
8,8,3,3,3,0,0,0,1.000000
8,9,6,6,6,0,0,0,1.000000
8,10,6,6,6,0,0,0,1.000000
8,11,4,4,2,2,0,0,0.500000
9,0,2,2,2,0,0,0,1.000000
9,1,4,4,4,0,0,0,1.000000
9,2,4,4,4,0,0,0,1.000000
9,3,4,4,4,0,0,0,1.000000
9,4,9,9,9,0,0,0,1.000000
9,5,2,2,2,0,0,0,1.000000
9,6,4,4,4,0,0,0,1.000000
9,7,3,3,3,0,0,0,1.000000
9,8,3,3,3,0,0,0,1.000000
9,9,6,6,6,0,0,0,1.000000
9,10,6,6,6,0,0,0,1.000000
9,11,4,4,4,0,0,0,1.000000
10,0,2,2,2,0,0,0,1.000000
10,1,4,4,4,0,0,0,1.000000
10,2,4,4,4,0,0,0,1.000000
10,3,4,4,4,0,0,0,1.000000
10,4,9,9,9,0,0,0,1.000000
10,5,2,2,2,0,0,0,1.000000
10,6,4,4,4,0,0,0,1.000000
10,7,3,3,3,0,0,0,1.000000
10,8,3,3,3,0,0,0,1.000000
10,9,6,6,5,1,0,0,0.833333
10,10,6,6,5,1,0,0,0.833333
10,11,4,4,4,0,0,0,1.000000
11,0,2,2,2,0,0,0,1.000000
11,1,4,4,4,0,0,0,1.000000
11,2,4,4,4,0,0,0,1.000000
11,3,4,4,4,0,0,0,1.000000
11,4,9,9,9,0,0,0,1.000000
11,5,2,2,2,0,0,0,1.000000
11,6,4,4,2,2,0,0,0.500000
11,7,3,3,3,0,0,0,1.000000
11,8,3,3,3,0,0,0,1.000000
11,9,6,6,6,0,0,0,1.000000
11,10,6,6,6,0,0,0,1.000000
11,11,4,4,4,0,0,0,1.000000
12,0,2,2,2,0,0,0,1.000000
12,1,4,4,4,0,0,0,1.000000
12,2,4,4,4,0,0,0,1.000000
12,3,4,4,4,0,0,0,1.000000
12,4,9,9,9,0,0,0,1.000000
12,5,2,2,2,0,0,0,1.000000
12,6,4,4,4,0,0,0,1.000000
12,7,3,3,3,0,0,0,1.000000
12,8,3,3,3,0,0,0,1.000000
12,9,6,6,6,0,0,0,1.000000
12,10,6,6,6,0,0,0,1.000000
12,11,4,4,4,0,0,0,1.000000
13,0,2,2,2,0,0,0,1.000000
13,1,4,4,3,1,0,0,0.750000
13,2,4,4,4,0,0,0,1.000000
13,3,4,4,3,1,0,0,0.750000
13,4,9,9,9,0,0,0,1.000000
13,5,2,2,1,1,0,0,0.500000
13,6,4,4,3,1,0,0,0.750000
13,7,3,3,3,0,0,0,1.000000
13,8,3,3,3,0,0,0,1.000000
13,9,6,6,6,0,0,0,1.000000
13,10,6,6,5,1,0,0,0.833333
13,11,4,4,4,0,0,0,1.000000
14,0,2,2,2,0,0,0,1.000000
14,1,4,4,4,0,0,0,1.000000
14,2,4,4,4,0,0,0,1.000000
14,3,4,4,3,1,0,0,0.750000
14,4,9,9,9,0,0,0,1.000000
14,5,2,2,2,0,0,0,1.000000
14,6,4,4,4,0,0,0,1.000000
14,7,3,3,3,0,0,0,1.000000
14,8,3,3,3,0,0,0,1.000000
14,9,6,6,6,0,0,0,1.000000
14,10,6,6,6,0,0,0,1.000000
14,11,4,4,4,0,0,0,1.000000
15,0,2,2,2,0,0,0,1.000000
15,1,4,4,4,0,0,0,1.000000
15,2,4,4,4,0,0,0,1.000000
15,3,4,4,2,2,0,0,0.500000
15,4,9,9,9,0,0,0,1.000000
15,5,2,2,2,0,0,0,1.000000
15,6,4,4,3,1,0,0,0.750000
15,7,3,3,3,0,0,0,1.000000
15,8,3,3,3,0,0,0,1.000000
15,9,6,6,6,0,0,0,1.000000
15,10,6,6,3,3,0,0,0.500000
15,11,4,4,4,0,0,0,1.000000
16,0,2,2,2,0,0,0,1.000000
16,1,4,4,4,0,0,0,1.000000
16,2,4,4,4,0,0,0,1.000000
16,3,4,4,4,0,0,0,1.000000
16,4,9,9,9,0,0,0,1.000000
16,5,2,2,2,0,0,0,1.000000
16,6,4,4,4,0,0,0,1.000000
16,7,3,3,3,0,0,0,1.000000
16,8,3,3,3,0,0,0,1.000000
16,9,6,6,6,0,0,0,1.000000
16,10,6,6,6,0,0,0,1.000000
16,11,4,4,4,0,0,0,1.000000
17,0,2,2,2,0,0,0,1.000000
17,1,4,4,4,0,0,0,1.000000
17,2,4,4,4,0,0,0,1.000000
17,3,4,4,4,0,0,0,1.000000
17,4,9,9,9,0,0,0,1.000000
17,5,2,2,2,0,0,0,1.000000
17,6,4,4,4,0,0,0,1.000000
17,7,3,3,3,0,0,0,1.000000
17,8,3,3,3,0,0,0,1.000000
17,9,6,6,6,0,0,0,1.000000
17,10,6,6,6,0,0,0,1.000000
17,11,4,4,4,0,0,0,1.000000
18,0,2,2,1,1,0,0,0.500000
18,1,4,4,4,0,0,0,1.000000
18,2,4,4,4,0,0,0,1.000000
18,3,4,4,4,0,0,0,1.000000
18,4,9,9,9,0,0,0,1.000000
18,5,2,2,2,0,0,0,1.000000
18,6,4,4,4,0,0,0,1.000000
18,7,3,3,3,0,0,0,1.000000
18,8,3,3,3,0,0,0,1.000000
18,9,6,6,6,0,0,0,1.000000
18,10,6,6,5,1,0,0,0.833333
18,11,4,4,4,0,0,0,1.000000
19,0,2,2,2,0,0,0,1.000000
19,1,4,4,4,0,0,0,1.000000
19,2,4,4,4,0,0,0,1.000000
19,3,4,4,4,0,0,0,1.000000
19,4,9,9,9,0,0,0,1.000000
19,5,2,2,2,0,0,0,1.000000
19,6,4,4,4,0,0,0,1.000000
19,7,3,3,3,0,0,0,1.000000
19,8,3,3,3,0,0,0,1.000000
19,9,6,6,6,0,0,0,1.000000
19,10,6,6,6,0,0,0,1.000000
19,11,4,4,4,0,0,0,1.000000
20,0,2,2,2,0,0,0,1.000000
20,1,4,4,4,0,0,0,1.000000
20,2,4,4,3,1,0,0,0.750000
20,3,4,4,4,0,0,0,1.000000
20,4,9,9,9,0,0,0,1.000000
20,5,2,2,2,0,0,0,1.000000
20,6,4,4,4,0,0,0,1.000000
20,7,3,3,3,0,0,0,1.000000
20,8,3,3,3,0,0,0,1.000000
20,9,6,6,6,0,0,0,1.000000
20,10,6,6,6,0,0,0,1.000000
20,11,4,4,4,0,0,0,1.000000
21,0,2,2,2,0,0,0,1.000000
21,1,4,4,4,0,0,0,1.000000
21,2,4,4,4,0,0,0,1.000000
21,3,4,4,4,0,0,0,1.000000
21,4,9,9,9,0,0,0,1.000000
21,5,2,2,2,0,0,0,1.000000
21,6,4,4,4,0,0,0,1.000000
21,7,3,3,3,0,0,0,1.000000
21,8,3,3,3,0,0,0,1.000000
21,9,6,6,6,0,0,0,1.000000
21,10,6,6,6,0,0,0,1.000000
21,11,4,4,4,0,0,0,1.000000
22,0,2,2,2,0,0,0,1.000000
22,1,4,4,4,0,0,0,1.000000
22,2,4,4,4,0,0,0,1.000000
22,3,4,4,4,0,0,0,1.000000
22,4,9,9,9,0,0,0,1.000000
22,5,2,2,2,0,0,0,1.000000
22,6,4,4,4,0,0,0,1.000000
22,7,3,3,3,0,0,0,1.000000
22,8,3,3,3,0,0,0,1.000000
22,9,6,6,6,0,0,0,1.000000
22,10,6,6,6,0,0,0,1.000000
22,11,4,4,4,0,0,0,1.000000
23,0,2,2,2,0,0,0,1.000000
23,1,4,4,4,0,0,0,1.000000
23,2,4,4,4,0,0,0,1.000000
23,3,4,4,4,0,0,0,1.000000
23,4,9,9,9,0,0,0,1.000000
23,5,2,2,2,0,0,0,1.000000
23,6,4,4,4,0,0,0,1.000000
23,7,3,3,3,0,0,0,1.000000
23,8,3,3,3,0,0,0,1.000000
23,9,6,6,6,0,0,0,1.000000
23,10,6,6,6,0,0,0,1.000000
23,11,4,4,4,0,0,0,1.000000
24,0,2,2,2,0,0,0,1.000000
24,1,4,4,4,0,0,0,1.000000
24,2,4,4,4,0,0,0,1.000000
24,3,4,4,4,0,0,0,1.000000
24,4,9,9,8,1,0,0,0.888889
24,5,2,2,2,0,0,0,1.000000
24,6,4,4,4,0,0,0,1.000000
24,7,3,3,3,0,0,0,1.000000
24,8,3,3,3,0,0,0,1.000000
24,9,6,6,6,0,0,0,1.000000
24,10,6,6,5,1,0,0,0.833333
24,11,4,4,4,0,0,0,1.000000
25,0,2,2,2,0,0,0,1.000000
25,1,4,4,4,0,0,0,1.000000
25,2,4,4,4,0,0,0,1.000000
25,3,4,4,4,0,0,0,1.000000
25,4,9,9,9,0,0,0,1.000000
25,5,2,2,2,0,0,0,1.000000
25,6,4,4,4,0,0,0,1.000000
25,7,3,3,3,0,0,0,1.000000
25,8,3,3,3,0,0,0,1.000000
25,9,6,6,6,0,0,0,1.000000
25,10,6,6,4,2,0,0,0.666667
25,11,4,4,4,0,0,0,1.000000
26,0,2,2,2,0,0,0,1.000000
26,1,4,4,4,0,0,0,1.000000
26,2,4,4,4,0,0,0,1.000000
26,3,4,4,4,0,0,0,1.000000
26,4,9,9,9,0,0,0,1.000000
26,5,2,2,2,0,0,0,1.000000
26,6,4,4,4,0,0,0,1.000000
26,7,3,3,3,0,0,0,1.000000
26,8,3,3,3,0,0,0,1.000000
26,9,6,6,6,0,0,0,1.000000
26,10,6,6,6,0,0,0,1.000000
26,11,4,4,4,0,0,0,1.000000
27,0,2,2,1,1,0,0,0.500000
27,1,4,4,3,1,0,0,0.750000
27,2,4,4,3,1,0,0,0.750000
27,3,4,4,4,0,0,0,1.000000
27,4,9,9,9,0,0,0,1.000000
27,5,2,2,2,0,0,0,1.000000
27,6,4,4,3,1,0,0,0.750000
27,7,3,3,2,1,0,0,0.666667
27,8,3,3,2,1,0,0,0.666667
27,9,6,6,6,0,0,0,1.000000
27,10,6,6,6,0,0,0,1.000000
27,11,4,4,4,0,0,0,1.000000
28,0,2,2,2,0,0,0,1.000000
28,1,4,4,4,0,0,0,1.000000
28,2,4,4,4,0,0,0,1.000000
28,3,4,4,4,0,0,0,1.000000
28,4,9,9,9,0,0,0,1.000000
28,5,2,2,2,0,0,0,1.000000
28,6,4,4,3,1,0,0,0.750000
28,7,3,3,3,0,0,0,1.000000
28,8,3,3,3,0,0,0,1.000000
28,9,6,6,6,0,0,0,1.000000
28,10,6,6,6,0,0,0,1.000000
28,11,4,4,4,0,0,0,1.000000
29,0,2,2,2,0,0,0,1.000000
29,1,4,4,4,0,0,0,1.000000
29,2,4,4,4,0,0,0,1.000000
29,3,4,4,4,0,0,0,1.000000
29,4,9,9,9,0,0,0,1.000000
29,5,2,2,2,0,0,0,1.000000
29,6,4,4,4,0,0,0,1.000000
29,7,3,3,3,0,0,0,1.000000
29,8,3,3,3,0,0,0,1.000000
29,9,6,6,6,0,0,0,1.000000
29,10,6,6,6,0,0,0,1.000000
29,11,4,4,4,0,0,0,1.000000
30,0,2,2,2,0,0,0,1.000000
30,1,4,4,4,0,0,0,1.000000
30,2,4,4,4,0,0,0,1.000000
30,3,4,4,4,0,0,0,1.000000
30,4,9,9,9,0,0,0,1.000000
30,5,2,2,2,0,0,0,1.000000
30,6,4,4,4,0,0,0,1.000000
30,7,3,3,3,0,0,0,1.000000
30,8,3,3,3,0,0,0,1.000000
30,9,6,6,6,0,0,0,1.000000
30,10,6,6,6,0,0,0,1.000000
30,11,4,4,4,0,0,0,1.000000
31,0,2,2,2,0,0,0,1.000000
31,1,4,4,4,0,0,0,1.000000
31,2,4,4,4,0,0,0,1.000000
31,3,4,4,4,0,0,0,1.000000
31,4,9,9,9,0,0,0,1.000000
31,5,2,2,2,0,0,0,1.000000
31,6,4,4,4,0,0,0,1.000000
31,7,3,3,3,0,0,0,1.000000
31,8,3,3,3,0,0,0,1.000000
31,9,6,6,6,0,0,0,1.000000
31,10,6,6,6,0,0,0,1.000000
31,11,4,4,4,0,0,0,1.000000
32,0,2,2,2,0,0,0,1.000000
32,1,4,4,4,0,0,0,1.000000
32,2,4,4,4,0,0,0,1.000000
32,3,4,4,4,0,0,0,1.000000
32,4,9,9,9,0,0,0,1.000000
32,5,2,2,2,0,0,0,1.000000
32,6,4,4,4,0,0,0,1.000000
32,7,3,3,3,0,0,0,1.000000
32,8,3,3,3,0,0,0,1.000000
32,9,6,6,6,0,0,0,1.000000
32,10,6,6,6,0,0,0,1.000000
32,11,4,4,4,0,0,0,1.000000
33,0,2,2,2,0,0,0,1.000000
33,1,4,4,4,0,0,0,1.000000
33,2,4,4,4,0,0,0,1.000000
33,3,4,4,4,0,0,0,1.000000
33,4,9,9,9,0,0,0,1.000000
33,5,2,2,2,0,0,0,1.000000
33,6,4,4,4,0,0,0,1.000000
33,7,3,3,3,0,0,0,1.000000
33,8,3,3,3,0,0,0,1.000000
33,9,6,6,6,0,0,0,1.000000
33,10,6,6,6,0,0,0,1.000000
33,11,4,4,4,0,0,0,1.000000
34,0,2,2,2,0,0,0,1.000000
34,1,4,4,3,1,0,0,0.750000
34,2,4,4,3,1,0,0,0.750000
34,3,4,4,4,0,0,0,1.000000
34,4,9,9,9,0,0,0,1.000000
34,5,2,2,2,0,0,0,1.000000
34,6,4,4,4,0,0,0,1.000000
34,7,3,3,3,0,0,0,1.000000
34,8,3,3,3,0,0,0,1.000000
34,9,6,6,6,0,0,0,1.000000
34,10,6,6,6,0,0,0,1.000000
34,11,4,4,4,0,0,0,1.000000
35,0,2,9,2,0,0,7,1.000000
35,1,4,4,4,0,0,0,1.000000
35,2,4,4,4,0,0,0,1.000000
35,3,4,4,4,0,0,0,1.000000
35,4,9,9,9,0,0,0,1.000000
35,5,2,2,2,0,0,0,1.000000
35,6,4,4,4,0,0,0,1.000000
35,7,3,3,3,0,0,0,1.000000
35,8,3,3,3,0,0,0,1.000000
35,9,6,6,6,0,0,0,1.000000
35,10,6,6,6,0,0,0,1.000000
35,11,4,4,4,0,0,0,1.000000
36,0,2,2,2,0,0,0,1.000000
36,1,4,4,4,0,0,0,1.000000
36,2,4,4,4,0,0,0,1.000000
36,3,4,4,4,0,0,0,1.000000
36,4,9,9,9,0,0,0,1.000000
36,5,2,2,2,0,0,0,1.000000
36,6,4,4,4,0,0,0,1.000000
36,7,3,3,3,0,0,0,1.000000
36,8,3,3,3,0,0,0,1.000000
36,9,6,6,6,0,0,0,1.000000
36,10,6,6,6,0,0,0,1.000000
36,11,4,4,4,0,0,0,1.000000
37,0,2,2,2,0,0,0,1.000000
37,1,4,4,4,0,0,0,1.000000
37,2,4,4,4,0,0,0,1.000000
37,3,4,4,4,0,0,0,1.000000
37,4,9,9,9,0,0,0,1.000000
37,5,2,2,2,0,0,0,1.000000
37,6,4,4,4,0,0,0,1.000000
37,7,3,3,3,0,0,0,1.000000
37,8,3,3,3,0,0,0,1.000000
37,9,6,6,6,0,0,0,1.000000
37,10,6,6,6,0,0,0,1.000000
37,11,4,4,4,0,0,0,1.000000
38,0,2,2,2,0,0,0,1.000000
38,1,4,4,4,0,0,0,1.000000
38,2,4,4,4,0,0,0,1.000000
38,3,4,4,4,0,0,0,1.000000
38,4,9,9,9,0,0,0,1.000000
38,5,2,2,2,0,0,0,1.000000
38,6,4,4,4,0,0,0,1.000000
38,7,3,3,3,0,0,0,1.000000
38,8,3,3,3,0,0,0,1.000000
38,9,6,6,6,0,0,0,1.000000
38,10,6,6,6,0,0,0,1.000000
38,11,4,4,4,0,0,0,1.000000
39,0,2,2,2,0,0,0,1.000000
39,1,4,4,4,0,0,0,1.000000
39,2,4,4,4,0,0,0,1.000000
39,3,4,4,4,0,0,0,1.000000
39,4,9,9,9,0,0,0,1.000000
39,5,2,2,2,0,0,0,1.000000
39,6,4,4,4,0,0,0,1.000000
39,7,3,3,3,0,0,0,1.000000
39,8,3,3,3,0,0,0,1.000000
39,9,6,6,6,0,0,0,1.000000
39,10,6,6,6,0,0,0,1.000000
39,11,4,4,4,0,0,0,1.000000
40,0,2,2,2,0,0,0,1.000000
40,1,4,4,4,0,0,0,1.000000
40,2,4,4,4,0,0,0,1.000000
40,3,4,4,4,0,0,0,1.000000
40,4,9,9,9,0,0,0,1.000000
40,5,2,2,2,0,0,0,1.000000
40,6,4,4,4,0,0,0,1.000000
40,7,3,3,3,0,0,0,1.000000
40,8,3,3,3,0,0,0,1.000000
40,9,6,6,6,0,0,0,1.000000
40,10,6,6,6,0,0,0,1.000000
40,11,4,4,4,0,0,0,1.000000
41,0,2,2,2,0,0,0,1.000000
41,1,4,4,4,0,0,0,1.000000
41,2,4,4,4,0,0,0,1.000000
41,3,4,4,4,0,0,0,1.000000
41,4,9,9,9,0,0,0,1.000000
41,5,2,2,2,0,0,0,1.000000
41,6,4,4,4,0,0,0,1.000000
41,7,3,3,3,0,0,0,1.000000
41,8,3,3,3,0,0,0,1.000000
41,9,6,6,5,1,0,0,0.833333
41,10,6,6,6,0,0,0,1.000000
41,11,4,4,4,0,0,0,1.000000
42,0,2,2,2,0,0,0,1.000000
42,1,4,4,4,0,0,0,1.000000
42,2,4,4,4,0,0,0,1.000000
42,3,4,4,4,0,0,0,1.000000
42,4,9,9,9,0,0,0,1.000000
42,5,2,2,2,0,0,0,1.000000
42,6,4,4,4,0,0,0,1.000000
42,7,3,3,3,0,0,0,1.000000
42,8,3,3,3,0,0,0,1.000000
42,9,6,6,6,0,0,0,1.000000
42,10,6,6,6,0,0,0,1.000000
42,11,4,4,4,0,0,0,1.000000
43,0,2,2,2,0,0,0,1.000000
43,1,4,4,4,0,0,0,1.000000
43,2,4,4,4,0,0,0,1.000000
43,3,4,4,4,0,0,0,1.000000
43,4,9,9,9,0,0,0,1.000000
43,5,2,2,2,0,0,0,1.000000
43,6,4,4,4,0,0,0,1.000000
43,7,3,3,3,0,0,0,1.000000
43,8,3,3,3,0,0,0,1.000000
43,9,6,6,6,0,0,0,1.000000
43,10,6,6,6,0,0,0,1.000000
43,11,4,4,4,0,0,0,1.000000
44,0,2,2,2,0,0,0,1.000000
44,1,4,4,3,1,0,0,0.750000
44,2,4,4,4,0,0,0,1.000000
44,3,4,4,4,0,0,0,1.000000
44,4,9,9,8,1,0,0,0.888889
44,5,2,2,2,0,0,0,1.000000
44,6,4,4,4,0,0,0,1.000000
44,7,3,3,3,0,0,0,1.000000
44,8,3,3,3,0,0,0,1.000000
44,9,6,6,6,0,0,0,1.000000
44,10,6,6,6,0,0,0,1.000000
44,11,4,4,4,0,0,0,1.000000
45,0,2,2,2,0,0,0,1.000000
45,1,4,4,4,0,0,0,1.000000
45,2,4,4,3,1,0,0,0.750000
45,3,4,4,4,0,0,0,1.000000
45,4,9,9,9,0,0,0,1.000000
45,5,2,2,2,0,0,0,1.000000
45,6,4,4,4,0,0,0,1.000000
45,7,3,3,3,0,0,0,1.000000
45,8,3,3,3,0,0,0,1.000000
45,9,6,6,6,0,0,0,1.000000
45,10,6,6,6,0,0,0,1.000000
45,11,4,4,4,0,0,0,1.000000
46,0,2,2,2,0,0,0,1.000000
46,1,4,4,4,0,0,0,1.000000
46,2,4,4,4,0,0,0,1.000000
46,3,4,4,4,0,0,0,1.000000
46,4,9,9,9,0,0,0,1.000000
46,5,2,2,2,0,0,0,1.000000
46,6,4,4,4,0,0,0,1.000000
46,7,3,3,3,0,0,0,1.000000
46,8,3,3,3,0,0,0,1.000000
46,9,6,6,6,0,0,0,1.000000
46,10,6,6,6,0,0,0,1.000000
46,11,4,4,4,0,0,0,1.000000
47,0,2,2,2,0,0,0,1.000000
47,1,4,4,4,0,0,0,1.000000
47,2,4,4,4,0,0,0,1.000000
47,3,4,4,4,0,0,0,1.000000
47,4,9,9,9,0,0,0,1.000000
47,5,2,2,2,0,0,0,1.000000
47,6,4,4,4,0,0,0,1.000000
47,7,3,3,3,0,0,0,1.000000
47,8,3,3,3,0,0,0,1.000000
47,9,6,6,4,2,0,0,0.666667
47,10,6,6,6,0,0,0,1.000000
47,11,4,4,4,0,0,0,1.000000
48,0,2,2,2,0,0,0,1.000000
48,1,4,4,4,0,0,0,1.000000
48,2,4,4,4,0,0,0,1.000000
48,3,4,4,4,0,0,0,1.000000
48,4,9,9,9,0,0,0,1.000000
48,5,2,2,2,0,0,0,1.000000
48,6,4,4,4,0,0,0,1.000000
48,7,3,3,3,0,0,0,1.000000
48,8,3,3,3,0,0,0,1.000000
48,9,6,6,5,1,0,0,0.833333
48,10,6,6,4,2,0,0,0.666667
48,11,4,4,4,0,0,0,1.000000
49,0,2,2,2,0,0,0,1.000000
49,1,4,4,4,0,0,0,1.000000
49,2,4,4,3,1,0,0,0.750000
49,3,4,4,4,0,0,0,1.000000
49,4,9,9,9,0,0,0,1.000000
49,5,2,2,2,0,0,0,1.000000
49,6,4,4,4,0,0,0,1.000000
49,7,3,3,3,0,0,0,1.000000
49,8,3,3,3,0,0,0,1.000000
49,9,6,6,6,0,0,0,1.000000
49,10,6,6,6,0,0,0,1.000000
49,11,4,4,4,0,0,0,1.000000
50,0,2,2,2,0,0,0,1.000000
50,1,4,4,4,0,0,0,1.000000
50,2,4,4,4,0,0,0,1.000000
50,3,4,4,4,0,0,0,1.000000
50,4,9,9,9,0,0,0,1.000000
50,5,2,2,2,0,0,0,1.000000
50,6,4,4,4,0,0,0,1.000000
50,7,3,3,3,0,0,0,1.000000
50,8,3,3,3,0,0,0,1.000000
50,9,6,6,6,0,0,0,1.000000
50,10,6,6,6,0,0,0,1.000000
50,11,4,4,4,0,0,0,1.000000
51,0,2,2,2,0,0,0,1.000000
51,1,4,4,4,0,0,0,1.000000
51,2,4,4,4,0,0,0,1.000000
51,3,4,4,4,0,0,0,1.000000
51,4,9,9,9,0,0,0,1.000000
51,5,2,2,2,0,0,0,1.000000
51,6,4,4,4,0,0,0,1.000000
51,7,3,3,3,0,0,0,1.000000
51,8,3,3,3,0,0,0,1.000000
51,9,6,6,5,1,0,0,0.833333
51,10,6,6,6,0,0,0,1.000000
51,11,4,4,4,0,0,0,1.000000
52,0,4,4,4,0,0,0,1.000000
52,1,4,4,4,0,0,0,1.000000
52,2,6,6,6,0,0,0,1.000000
52,3,8,8,8,0,0,0,1.000000
52,4,3,3,3,0,0,0,1.000000
52,5,2,2,2,0,0,0,1.000000
52,6,2,2,2,0,0,0,1.000000
52,7,2,2,2,0,0,0,1.000000
52,8,6,6,6,0,0,0,1.000000
52,9,6,6,6,0,0,0,1.000000
52,10,7,7,7,0,0,0,1.000000
52,11,2,2,2,0,0,0,1.000000
52,12,2,2,1,1,0,0,0.500000
53,0,4,4,4,0,0,0,1.000000
53,1,4,4,4,0,0,0,1.000000
53,2,6,6,6,0,0,0,1.000000
53,3,8,8,8,0,0,0,1.000000
53,4,3,3,3,0,0,0,1.000000
53,5,2,2,1,1,0,0,0.500000
53,6,2,2,0,2,0,0,0.000000
53,7,2,2,2,0,0,0,1.000000
53,8,6,6,6,0,0,0,1.000000
53,9,6,6,6,0,0,0,1.000000
53,10,7,7,7,0,0,0,1.000000
53,11,2,2,2,0,0,0,1.000000
53,12,2,2,2,0,0,0,1.000000
54,0,4,4,4,0,0,0,1.000000
54,1,4,4,3,1,0,0,0.750000
54,2,6,6,6,0,0,0,1.000000
54,3,8,8,6,2,0,0,0.750000
54,4,3,3,3,0,0,0,1.000000
54,5,2,2,2,0,0,0,1.000000
54,6,2,2,2,0,0,0,1.000000
54,7,2,2,2,0,0,0,1.000000
54,8,6,6,4,2,0,0,0.666667
54,9,6,6,3,3,0,0,0.500000
54,10,7,7,7,0,0,0,1.000000
54,11,2,2,2,0,0,0,1.000000
54,12,2,2,2,0,0,0,1.000000
55,0,4,4,4,0,0,0,1.000000
55,1,4,4,4,0,0,0,1.000000
55,2,6,6,6,0,0,0,1.000000
55,3,8,8,8,0,0,0,1.000000
55,4,3,3,3,0,0,0,1.000000
55,5,2,2,2,0,0,0,1.000000
55,6,2,2,2,0,0,0,1.000000
55,7,2,2,2,0,0,0,1.000000
55,8,6,6,6,0,0,0,1.000000
55,9,6,6,6,0,0,0,1.000000
55,10,7,7,7,0,0,0,1.000000
55,11,2,2,2,0,0,0,1.000000
55,12,2,2,2,0,0,0,1.000000
56,0,4,4,3,1,0,0,0.750000
56,1,4,4,3,1,0,0,0.750000
56,2,6,6,6,0,0,0,1.000000
56,3,8,8,7,1,0,0,0.875000
56,4,3,3,3,0,0,0,1.000000
56,5,2,2,2,0,0,0,1.000000
56,6,2,2,2,0,0,0,1.000000
56,7,2,2,2,0,0,0,1.000000
56,8,6,6,6,0,0,0,1.000000
56,9,6,6,5,1,0,0,0.833333
56,10,7,7,6,1,0,0,0.857143
56,11,2,2,2,0,0,0,1.000000
56,12,2,2,2,0,0,0,1.000000
57,0,4,4,4,0,0,0,1.000000
57,1,4,4,3,1,0,0,0.750000
57,2,6,6,6,0,0,0,1.000000
57,3,8,8,8,0,0,0,1.000000
57,4,3,3,3,0,0,0,1.000000
57,5,2,2,2,0,0,0,1.000000
57,6,2,2,2,0,0,0,1.000000
57,7,2,2,2,0,0,0,1.000000
57,8,6,6,6,0,0,0,1.000000
57,9,6,6,6,0,0,0,1.000000
57,10,7,7,7,0,0,0,1.000000
57,11,2,2,2,0,0,0,1.000000
57,12,2,2,1,1,0,0,0.500000
58,0,4,4,4,0,0,0,1.000000
58,1,4,4,4,0,0,0,1.000000
58,2,6,6,6,0,0,0,1.000000
58,3,8,8,8,0,0,0,1.000000
58,4,3,3,3,0,0,0,1.000000
58,5,2,2,2,0,0,0,1.000000
58,6,2,2,2,0,0,0,1.000000
58,7,2,2,2,0,0,0,1.000000
58,8,6,6,6,0,0,0,1.000000
58,9,6,6,6,0,0,0,1.000000
58,10,7,7,7,0,0,0,1.000000
58,11,2,2,2,0,0,0,1.000000
58,12,2,2,2,0,0,0,1.000000
59,0,4,4,4,0,0,0,1.000000
59,1,4,4,3,1,0,0,0.750000
59,2,6,6,6,0,0,0,1.000000
59,3,8,8,8,0,0,0,1.000000
59,4,3,3,3,0,0,0,1.000000
59,5,2,2,1,1,0,0,0.500000
59,6,2,2,2,0,0,0,1.000000
59,7,2,2,2,0,0,0,1.000000
59,8,6,6,6,0,0,0,1.000000
59,9,6,6,6,0,0,0,1.000000
59,10,7,7,6,1,0,0,0.857143
59,11,2,2,2,0,0,0,1.000000
59,12,2,2,2,0,0,0,1.000000
60,0,4,4,4,0,0,0,1.000000
60,1,4,4,4,0,0,0,1.000000
60,2,6,6,6,0,0,0,1.000000
60,3,8,8,8,0,0,0,1.000000
60,4,3,3,3,0,0,0,1.000000
60,5,2,2,2,0,0,0,1.000000
60,6,2,2,2,0,0,0,1.000000
60,7,2,2,2,0,0,0,1.000000
60,8,6,6,6,0,0,0,1.000000
60,9,6,6,6,0,0,0,1.000000
60,10,7,7,7,0,0,0,1.000000
60,11,2,2,2,0,0,0,1.000000
60,12,2,2,2,0,0,0,1.000000
61,0,4,4,4,0,0,0,1.000000
61,1,4,4,4,0,0,0,1.000000
61,2,6,6,6,0,0,0,1.000000
61,3,8,8,8,0,0,0,1.000000
61,4,3,3,3,0,0,0,1.000000
61,5,2,2,2,0,0,0,1.000000
61,6,2,2,2,0,0,0,1.000000
61,7,2,2,2,0,0,0,1.000000
61,8,6,6,6,0,0,0,1.000000
61,9,6,6,6,0,0,0,1.000000
61,10,7,7,7,0,0,0,1.000000
61,11,2,2,2,0,0,0,1.000000
61,12,2,2,2,0,0,0,1.000000
